image_id,label
200001.jpg,
200002.jpg,
200003.jpg,
200004.jpg,
200005.jpg,
200006.jpg,
200007.jpg,
200008.jpg,
200009.jpg,
200010.jpg,
200011.jpg,
200012.jpg,
200013.jpg,
200014.jpg,
200015.jpg,
200016.jpg,
200017.jpg,
200018.jpg,
200019.jpg,
200020.jpg,
200021.jpg,
200022.jpg,
200023.jpg,
200024.jpg,
200025.jpg,
200026.jpg,
200027.jpg,
200028.jpg,
200029.jpg,
200030.jpg,
200031.jpg,
200032.jpg,
200033.jpg,
200034.jpg,
200035.jpg,
200036.jpg,
200037.jpg,
200038.jpg,
200039.jpg,
200040.jpg,
200041.jpg,
200042.jpg,
200043.jpg,
200044.jpg,
200045.jpg,
200046.jpg,
200047.jpg,
200048.jpg,
200049.jpg,
200050.jpg,
200051.jpg,
200052.jpg,
200053.jpg,
200054.jpg,
200055.jpg,
200056.jpg,
200057.jpg,
200058.jpg,
200059.jpg,
200060.jpg,
200061.jpg,
200062.jpg,
200063.jpg,
200064.jpg,
200065.jpg,
200066.jpg,
200067.jpg,
200068.jpg,
200069.jpg,
200070.jpg,
200071.jpg,
200072.jpg,
200073.jpg,
200074.jpg,
200075.jpg,
200076.jpg,
200077.jpg,
200078.jpg,
200079.jpg,
200080.jpg,
200081.jpg,
200082.jpg,
200083.jpg,
200084.jpg,
200085.jpg,
200086.jpg,
200087.jpg,
200088.jpg,
200089.jpg,
200090.jpg,
200091.jpg,
200092.jpg,
200093.jpg,
200094.jpg,
200095.jpg,
200096.jpg,
200097.jpg,
200098.jpg,
200099.jpg,
200100.jpg,
200101.jpg,
200102.jpg,
200103.jpg,
200104.jpg,
200105.jpg,
200106.jpg,
200107.jpg,
200108.jpg,
200109.jpg,
200110.jpg,
200111.jpg,
200112.jpg,
200113.jpg,
200114.jpg,
200115.jpg,
200116.jpg,
200117.jpg,
200118.jpg,
200119.jpg,
200120.jpg,
200121.jpg,
200122.jpg,
200123.jpg,
200124.jpg,
200125.jpg,
200126.jpg,
200127.jpg,
200128.jpg,
200129.jpg,
200130.jpg,
200131.jpg,
200132.jpg,
200133.jpg,
200134.jpg,
200135.jpg,
200136.jpg,
200137.jpg,
200138.jpg,
200139.jpg,
200140.jpg,
200141.jpg,
200142.jpg,
200143.jpg,
200144.jpg,
200145.jpg,
200146.jpg,
200147.jpg,
200148.jpg,
200149.jpg,
200150.jpg,
200151.jpg,
200152.jpg,
200153.jpg,
200154.jpg,
200155.jpg,
200156.jpg,
200157.jpg,
200158.jpg,
200159.jpg,
200160.jpg,
200161.jpg,
200162.jpg,
200163.jpg,
200164.jpg,
200165.jpg,
200166.jpg,
200167.jpg,
200168.jpg,
200169.jpg,
200170.jpg,
200171.jpg,
200172.jpg,
200173.jpg,
200174.jpg,
200175.jpg,
200176.jpg,
200177.jpg,
200178.jpg,
200179.jpg,
200180.jpg,
200181.jpg,
200182.jpg,
200183.jpg,
200184.jpg,
200185.jpg,
200186.jpg,
200187.jpg,
200188.jpg,
200189.jpg,
200190.jpg,
200191.jpg,
200192.jpg,
200193.jpg,
200194.jpg,
200195.jpg,
200196.jpg,
200197.jpg,
200198.jpg,
200199.jpg,
200200.jpg,
200201.jpg,
200202.jpg,
200203.jpg,
200204.jpg,
200205.jpg,
200206.jpg,
200207.jpg,
200208.jpg,
200209.jpg,
200210.jpg,
200211.jpg,
200212.jpg,
200213.jpg,
200214.jpg,
200215.jpg,
200216.jpg,
200217.jpg,
200218.jpg,
200219.jpg,
200220.jpg,
200221.jpg,
200222.jpg,
200223.jpg,
200224.jpg,
200225.jpg,
200226.jpg,
200227.jpg,
200228.jpg,
200229.jpg,
200230.jpg,
200231.jpg,
200232.jpg,
200233.jpg,
200234.jpg,
200235.jpg,
200236.jpg,
200237.jpg,
200238.jpg,
200239.jpg,
200240.jpg,
200241.jpg,
200242.jpg,
200243.jpg,
200244.jpg,
200245.jpg,
200246.jpg,
200247.jpg,
200248.jpg,
200249.jpg,
200250.jpg,
200251.jpg,
200252.jpg,
200253.jpg,
200254.jpg,
200255.jpg,
200256.jpg,
200257.jpg,
200258.jpg,
200259.jpg,
200260.jpg,
200261.jpg,
200262.jpg,
200263.jpg,
200264.jpg,
200265.jpg,
200266.jpg,
200267.jpg,
200268.jpg,
200269.jpg,
200270.jpg,
200271.jpg,
200272.jpg,
200273.jpg,
200274.jpg,
200275.jpg,
200276.jpg,
200277.jpg,
200278.jpg,
200279.jpg,
200280.jpg,
200281.jpg,
200282.jpg,
200283.jpg,
200284.jpg,
200285.jpg,
200286.jpg,
200287.jpg,
200288.jpg,
200289.jpg,
200290.jpg,
200291.jpg,
200292.jpg,
200293.jpg,
200294.jpg,
200295.jpg,
200296.jpg,
200297.jpg,
200298.jpg,
200299.jpg,
200300.jpg,
200301.jpg,
200302.jpg,
200303.jpg,
200304.jpg,
200305.jpg,
200306.jpg,
200307.jpg,
200308.jpg,
200309.jpg,
200310.jpg,
200311.jpg,
200312.jpg,
200313.jpg,
200314.jpg,
200315.jpg,
200316.jpg,
200317.jpg,
200318.jpg,
200319.jpg,
200320.jpg,
200321.jpg,
200322.jpg,
200323.jpg,
200324.jpg,
200325.jpg,
200326.jpg,
200327.jpg,
200328.jpg,
200329.jpg,
200330.jpg,
200331.jpg,
200332.jpg,
200333.jpg,
200334.jpg,
200335.jpg,
200336.jpg,
200337.jpg,
200338.jpg,
200339.jpg,
200340.jpg,
200341.jpg,
200342.jpg,
200343.jpg,
200344.jpg,
200345.jpg,
200346.jpg,
200347.jpg,
200348.jpg,
200349.jpg,
200350.jpg,
200351.jpg,
200352.jpg,
200353.jpg,
200354.jpg,
200355.jpg,
200356.jpg,
200357.jpg,
200358.jpg,
200359.jpg,
200360.jpg,
200361.jpg,
200362.jpg,
200363.jpg,
200364.jpg,
200365.jpg,
200366.jpg,
200367.jpg,
200368.jpg,
200369.jpg,
200370.jpg,
200371.jpg,
200372.jpg,
200373.jpg,
200374.jpg,
200375.jpg,
200376.jpg,
200377.jpg,
200378.jpg,
200379.jpg,
200380.jpg,
200381.jpg,
200382.jpg,
200383.jpg,
200384.jpg,
200385.jpg,
200386.jpg,
200387.jpg,
200388.jpg,
200389.jpg,
200390.jpg,
200391.jpg,
200392.jpg,
200393.jpg,
200394.jpg,
200395.jpg,
200396.jpg,
200397.jpg,
200398.jpg,
200399.jpg,
200400.jpg,
200401.jpg,
200402.jpg,
200403.jpg,
200404.jpg,
200405.jpg,
200406.jpg,
200407.jpg,
200408.jpg,
200409.jpg,
200410.jpg,
200411.jpg,
200412.jpg,
200413.jpg,
200414.jpg,
200415.jpg,
200416.jpg,
200417.jpg,
200418.jpg,
200419.jpg,
200420.jpg,
200421.jpg,
200422.jpg,
200423.jpg,
200424.jpg,
200425.jpg,
200426.jpg,
200427.jpg,
200428.jpg,
200429.jpg,
200430.jpg,
200431.jpg,
200432.jpg,
200433.jpg,
200434.jpg,
200435.jpg,
200436.jpg,
200437.jpg,
200438.jpg,
200439.jpg,
200440.jpg,
200441.jpg,
200442.jpg,
200443.jpg,
200444.jpg,
200445.jpg,
200446.jpg,
200447.jpg,
200448.jpg,
200449.jpg,
200450.jpg,
200451.jpg,
200452.jpg,
200453.jpg,
200454.jpg,
200455.jpg,
200456.jpg,
200457.jpg,
200458.jpg,
200459.jpg,
200460.jpg,
200461.jpg,
200462.jpg,
200463.jpg,
200464.jpg,
200465.jpg,
200466.jpg,
200467.jpg,
200468.jpg,
200469.jpg,
200470.jpg,
200471.jpg,
200472.jpg,
200473.jpg,
200474.jpg,
200475.jpg,
200476.jpg,
200477.jpg,
200478.jpg,
200479.jpg,
200480.jpg,
200481.jpg,
200482.jpg,
200483.jpg,
200484.jpg,
200485.jpg,
200486.jpg,
200487.jpg,
200488.jpg,
200489.jpg,
200490.jpg,
200491.jpg,
200492.jpg,
200493.jpg,
200494.jpg,
200495.jpg,
200496.jpg,
200497.jpg,
200498.jpg,
200499.jpg,
200500.jpg,
200501.jpg,
200502.jpg,
200503.jpg,
200504.jpg,
200505.jpg,
200506.jpg,
200507.jpg,
200508.jpg,
200509.jpg,
200510.jpg,
200511.jpg,
200512.jpg,
200513.jpg,
200514.jpg,
200515.jpg,
200516.jpg,
200517.jpg,
200518.jpg,
200519.jpg,
200520.jpg,
200521.jpg,
200522.jpg,
200523.jpg,
200524.jpg,
200525.jpg,
200526.jpg,
200527.jpg,
200528.jpg,
200529.jpg,
200530.jpg,
200531.jpg,
200532.jpg,
200533.jpg,
200534.jpg,
200535.jpg,
200536.jpg,
200537.jpg,
200538.jpg,
200539.jpg,
200540.jpg,
200541.jpg,
200542.jpg,
200543.jpg,
200544.jpg,
200545.jpg,
200546.jpg,
200547.jpg,
200548.jpg,
200549.jpg,
200550.jpg,
200551.jpg,
200552.jpg,
200553.jpg,
200554.jpg,
200555.jpg,
200556.jpg,
200557.jpg,
200558.jpg,
200559.jpg,
200560.jpg,
200561.jpg,
200562.jpg,
200563.jpg,
200564.jpg,
200565.jpg,
200566.jpg,
200567.jpg,
200568.jpg,
200569.jpg,
200570.jpg,
200571.jpg,
200572.jpg,
200573.jpg,
200574.jpg,
200575.jpg,
200576.jpg,
200577.jpg,
200578.jpg,
200579.jpg,
200580.jpg,
200581.jpg,
200582.jpg,
200583.jpg,
200584.jpg,
200585.jpg,
200586.jpg,
200587.jpg,
200588.jpg,
200589.jpg,
200590.jpg,
200591.jpg,
200592.jpg,
200593.jpg,
200594.jpg,
200595.jpg,
200596.jpg,
200597.jpg,
200598.jpg,
200599.jpg,
200600.jpg,
200601.jpg,
200602.jpg,
200603.jpg,
200604.jpg,
200605.jpg,
200606.jpg,
200607.jpg,
200608.jpg,
200609.jpg,
200610.jpg,
200611.jpg,
200612.jpg,
200613.jpg,
200614.jpg,
200615.jpg,
200616.jpg,
200617.jpg,
200618.jpg,
200619.jpg,
200620.jpg,
200621.jpg,
200622.jpg,
200623.jpg,
200624.jpg,
200625.jpg,
200626.jpg,
200627.jpg,
200628.jpg,
200629.jpg,
200630.jpg,
200631.jpg,
200632.jpg,
200633.jpg,
200634.jpg,
200635.jpg,
200636.jpg,
200637.jpg,
200638.jpg,
200639.jpg,
200640.jpg,
200641.jpg,
200642.jpg,
200643.jpg,
200644.jpg,
200645.jpg,
200646.jpg,
200647.jpg,
200648.jpg,
200649.jpg,
200650.jpg,
200651.jpg,
200652.jpg,
200653.jpg,
200654.jpg,
200655.jpg,
200656.jpg,
200657.jpg,
200658.jpg,
200659.jpg,
200660.jpg,
200661.jpg,
200662.jpg,
200663.jpg,
200664.jpg,
200665.jpg,
200666.jpg,
200667.jpg,
200668.jpg,
200669.jpg,
200670.jpg,
200671.jpg,
200672.jpg,
200673.jpg,
200674.jpg,
200675.jpg,
200676.jpg,
200677.jpg,
200678.jpg,
200679.jpg,
200680.jpg,
200681.jpg,
200682.jpg,
200683.jpg,
200684.jpg,
200685.jpg,
200686.jpg,
200687.jpg,
200688.jpg,
200689.jpg,
200690.jpg,
200691.jpg,
200692.jpg,
200693.jpg,
200694.jpg,
200695.jpg,
200696.jpg,
200697.jpg,
200698.jpg,
200699.jpg,
200700.jpg,
200701.jpg,
200702.jpg,
200703.jpg,
200704.jpg,
200705.jpg,
200706.jpg,
200707.jpg,
200708.jpg,
200709.jpg,
200710.jpg,
200711.jpg,
200712.jpg,
200713.jpg,
200714.jpg,
200715.jpg,
200716.jpg,
200717.jpg,
200718.jpg,
200719.jpg,
200720.jpg,
200721.jpg,
200722.jpg,
200723.jpg,
200724.jpg,
200725.jpg,
200726.jpg,
200727.jpg,
200728.jpg,
200729.jpg,
200730.jpg,
200731.jpg,
200732.jpg,
200733.jpg,
200734.jpg,
200735.jpg,
200736.jpg,
200737.jpg,
200738.jpg,
200739.jpg,
200740.jpg,
200741.jpg,
200742.jpg,
200743.jpg,
200744.jpg,
200745.jpg,
200746.jpg,
200747.jpg,
200748.jpg,
200749.jpg,
200750.jpg,
200751.jpg,
200752.jpg,
200753.jpg,
200754.jpg,
200755.jpg,
200756.jpg,
200757.jpg,
200758.jpg,
200759.jpg,
200760.jpg,
200761.jpg,
200762.jpg,
200763.jpg,
200764.jpg,
200765.jpg,
200766.jpg,
200767.jpg,
200768.jpg,
200769.jpg,
200770.jpg,
200771.jpg,
200772.jpg,
200773.jpg,
200774.jpg,
200775.jpg,
200776.jpg,
200777.jpg,
200778.jpg,
200779.jpg,
200780.jpg,
200781.jpg,
200782.jpg,
200783.jpg,
200784.jpg,
200785.jpg,
200786.jpg,
200787.jpg,
200788.jpg,
200789.jpg,
200790.jpg,
200791.jpg,
200792.jpg,
200793.jpg,
200794.jpg,
200795.jpg,
200796.jpg,
200797.jpg,
200798.jpg,
200799.jpg,
200800.jpg,
200801.jpg,
200802.jpg,
200803.jpg,
200804.jpg,
200805.jpg,
200806.jpg,
200807.jpg,
200808.jpg,
200809.jpg,
200810.jpg,
200811.jpg,
200812.jpg,
200813.jpg,
200814.jpg,
200815.jpg,
200816.jpg,
200817.jpg,
200818.jpg,
200819.jpg,
200820.jpg,
200821.jpg,
200822.jpg,
200823.jpg,
200824.jpg,
200825.jpg,
200826.jpg,
200827.jpg,
200828.jpg,
200829.jpg,
200830.jpg,
200831.jpg,
200832.jpg,
200833.jpg,
200834.jpg,
200835.jpg,
200836.jpg,
200837.jpg,
200838.jpg,
200839.jpg,
200840.jpg,
200841.jpg,
200842.jpg,
200843.jpg,
200844.jpg,
200845.jpg,
200846.jpg,
200847.jpg,
200848.jpg,
200849.jpg,
200850.jpg,
200851.jpg,
200852.jpg,
200853.jpg,
200854.jpg,
200855.jpg,
200856.jpg,
200857.jpg,
200858.jpg,
200859.jpg,
200860.jpg,
200861.jpg,
200862.jpg,
200863.jpg,
200864.jpg,
200865.jpg,
200866.jpg,
200867.jpg,
200868.jpg,
200869.jpg,
200870.jpg,
200871.jpg,
200872.jpg,
200873.jpg,
200874.jpg,
200875.jpg,
200876.jpg,
200877.jpg,
200878.jpg,
200879.jpg,
200880.jpg,
200881.jpg,
200882.jpg,
200883.jpg,
200884.jpg,
200885.jpg,
200886.jpg,
200887.jpg,
200888.jpg,
200889.jpg,
200890.jpg,
200891.jpg,
200892.jpg,
200893.jpg,
200894.jpg,
200895.jpg,
200896.jpg,
200897.jpg,
200898.jpg,
200899.jpg,
200900.jpg,
200901.jpg,
200902.jpg,
200903.jpg,
200904.jpg,
200905.jpg,
200906.jpg,
200907.jpg,
200908.jpg,
200909.jpg,
200910.jpg,
200911.jpg,
200912.jpg,
200913.jpg,
200914.jpg,
200915.jpg,
200916.jpg,
200917.jpg,
200918.jpg,
200919.jpg,
200920.jpg,
200921.jpg,
200922.jpg,
200923.jpg,
200924.jpg,
200925.jpg,
200926.jpg,
200927.jpg,
200928.jpg,
200929.jpg,
200930.jpg,
200931.jpg,
200932.jpg,
200933.jpg,
200934.jpg,
200935.jpg,
200936.jpg,
200937.jpg,
200938.jpg,
200939.jpg,
200940.jpg,
200941.jpg,
200942.jpg,
200943.jpg,
200944.jpg,
200945.jpg,
200946.jpg,
200947.jpg,
200948.jpg,
200949.jpg,
200950.jpg,
200951.jpg,
200952.jpg,
200953.jpg,
200954.jpg,
200955.jpg,
200956.jpg,
200957.jpg,
200958.jpg,
200959.jpg,
200960.jpg,
200961.jpg,
200962.jpg,
200963.jpg,
200964.jpg,
200965.jpg,
200966.jpg,
200967.jpg,
200968.jpg,
200969.jpg,
200970.jpg,
200971.jpg,
200972.jpg,
200973.jpg,
200974.jpg,
200975.jpg,
200976.jpg,
200977.jpg,
200978.jpg,
200979.jpg,
200980.jpg,
200981.jpg,
200982.jpg,
200983.jpg,
200984.jpg,
200985.jpg,
200986.jpg,
200987.jpg,
200988.jpg,
200989.jpg,
200990.jpg,
200991.jpg,
200992.jpg,
200993.jpg,
200994.jpg,
200995.jpg,
200996.jpg,
200997.jpg,
200998.jpg,
200999.jpg,
201000.jpg,
201001.jpg,
201002.jpg,
201003.jpg,
201004.jpg,
201005.jpg,
201006.jpg,
201007.jpg,
201008.jpg,
201009.jpg,
201010.jpg,
201011.jpg,
201012.jpg,
201013.jpg,
201014.jpg,
201015.jpg,
201016.jpg,
201017.jpg,
201018.jpg,
201019.jpg,
201020.jpg,
201021.jpg,
201022.jpg,
201023.jpg,
201024.jpg,
201025.jpg,
201026.jpg,
201027.jpg,
201028.jpg,
201029.jpg,
201030.jpg,
201031.jpg,
201032.jpg,
201033.jpg,
201034.jpg,
201035.jpg,
201036.jpg,
201037.jpg,
201038.jpg,
201039.jpg,
201040.jpg,
201041.jpg,
201042.jpg,
201043.jpg,
201044.jpg,
201045.jpg,
201046.jpg,
201047.jpg,
201048.jpg,
201049.jpg,
201050.jpg,
201051.jpg,
201052.jpg,
201053.jpg,
201054.jpg,
201055.jpg,
201056.jpg,
201057.jpg,
201058.jpg,
201059.jpg,
201060.jpg,
201061.jpg,
201062.jpg,
201063.jpg,
201064.jpg,
201065.jpg,
201066.jpg,
201067.jpg,
201068.jpg,
201069.jpg,
201070.jpg,
201071.jpg,
201072.jpg,
201073.jpg,
201074.jpg,
201075.jpg,
201076.jpg,
201077.jpg,
201078.jpg,
201079.jpg,
201080.jpg,
201081.jpg,
201082.jpg,
201083.jpg,
201084.jpg,
201085.jpg,
201086.jpg,
201087.jpg,
201088.jpg,
201089.jpg,
201090.jpg,
201091.jpg,
201092.jpg,
201093.jpg,
201094.jpg,
201095.jpg,
201096.jpg,
201097.jpg,
201098.jpg,
201099.jpg,
201100.jpg,
201101.jpg,
201102.jpg,
201103.jpg,
201104.jpg,
201105.jpg,
201106.jpg,
201107.jpg,
201108.jpg,
201109.jpg,
201110.jpg,
201111.jpg,
201112.jpg,
201113.jpg,
201114.jpg,
201115.jpg,
201116.jpg,
201117.jpg,
201118.jpg,
201119.jpg,
201120.jpg,
201121.jpg,
201122.jpg,
201123.jpg,
201124.jpg,
201125.jpg,
201126.jpg,
201127.jpg,
201128.jpg,
201129.jpg,
201130.jpg,
201131.jpg,
201132.jpg,
201133.jpg,
201134.jpg,
201135.jpg,
201136.jpg,
201137.jpg,
201138.jpg,
201139.jpg,
201140.jpg,
201141.jpg,
201142.jpg,
201143.jpg,
201144.jpg,
201145.jpg,
201146.jpg,
201147.jpg,
201148.jpg,
201149.jpg,
201150.jpg,
201151.jpg,
201152.jpg,
201153.jpg,
201154.jpg,
201155.jpg,
201156.jpg,
201157.jpg,
201158.jpg,
201159.jpg,
201160.jpg,
201161.jpg,
201162.jpg,
201163.jpg,
201164.jpg,
201165.jpg,
201166.jpg,
201167.jpg,
201168.jpg,
201169.jpg,
201170.jpg,
201171.jpg,
201172.jpg,
201173.jpg,
201174.jpg,
201175.jpg,
201176.jpg,
201177.jpg,
201178.jpg,
201179.jpg,
201180.jpg,
201181.jpg,
201182.jpg,
201183.jpg,
201184.jpg,
201185.jpg,
201186.jpg,
201187.jpg,
201188.jpg,
201189.jpg,
201190.jpg,
201191.jpg,
201192.jpg,
201193.jpg,
201194.jpg,
201195.jpg,
201196.jpg,
201197.jpg,
201198.jpg,
201199.jpg,
201200.jpg,
201201.jpg,
201202.jpg,
201203.jpg,
201204.jpg,
201205.jpg,
201206.jpg,
201207.jpg,
201208.jpg,
201209.jpg,
201210.jpg,
201211.jpg,
201212.jpg,
201213.jpg,
201214.jpg,
201215.jpg,
201216.jpg,
201217.jpg,
201218.jpg,
201219.jpg,
201220.jpg,
201221.jpg,
201222.jpg,
201223.jpg,
201224.jpg,
201225.jpg,
201226.jpg,
201227.jpg,
201228.jpg,
201229.jpg,
201230.jpg,
201231.jpg,
201232.jpg,
201233.jpg,
201234.jpg,
201235.jpg,
201236.jpg,
201237.jpg,
201238.jpg,
201239.jpg,
201240.jpg,
201241.jpg,
201242.jpg,
201243.jpg,
201244.jpg,
201245.jpg,
201246.jpg,
201247.jpg,
201248.jpg,
201249.jpg,
201250.jpg,
201251.jpg,
201252.jpg,
201253.jpg,
201254.jpg,
201255.jpg,
201256.jpg,
201257.jpg,
201258.jpg,
201259.jpg,
201260.jpg,
201261.jpg,
201262.jpg,
201263.jpg,
201264.jpg,
201265.jpg,
201266.jpg,
201267.jpg,
201268.jpg,
201269.jpg,
201270.jpg,
201271.jpg,
201272.jpg,
201273.jpg,
201274.jpg,
201275.jpg,
201276.jpg,
201277.jpg,
201278.jpg,
201279.jpg,
201280.jpg,
201281.jpg,
201282.jpg,
201283.jpg,
201284.jpg,
201285.jpg,
201286.jpg,
201287.jpg,
201288.jpg,
201289.jpg,
201290.jpg,
201291.jpg,
201292.jpg,
201293.jpg,
201294.jpg,
201295.jpg,
201296.jpg,
201297.jpg,
201298.jpg,
201299.jpg,
201300.jpg,
201301.jpg,
201302.jpg,
201303.jpg,
201304.jpg,
201305.jpg,
201306.jpg,
201307.jpg,
201308.jpg,
201309.jpg,
201310.jpg,
201311.jpg,
201312.jpg,
201313.jpg,
201314.jpg,
201315.jpg,
201316.jpg,
201317.jpg,
201318.jpg,
201319.jpg,
201320.jpg,
201321.jpg,
201322.jpg,
201323.jpg,
201324.jpg,
201325.jpg,
201326.jpg,
201327.jpg,
201328.jpg,
201329.jpg,
201330.jpg,
201331.jpg,
201332.jpg,
201333.jpg,
201334.jpg,
201335.jpg,
201336.jpg,
201337.jpg,
201338.jpg,
201339.jpg,
201340.jpg,
201341.jpg,
201342.jpg,
201343.jpg,
201344.jpg,
201345.jpg,
201346.jpg,
201347.jpg,
201348.jpg,
201349.jpg,
201350.jpg,
201351.jpg,
201352.jpg,
201353.jpg,
201354.jpg,
201355.jpg,
201356.jpg,
201357.jpg,
201358.jpg,
201359.jpg,
201360.jpg,
201361.jpg,
201362.jpg,
201363.jpg,
201364.jpg,
201365.jpg,
201366.jpg,
201367.jpg,
201368.jpg,
201369.jpg,
201370.jpg,
201371.jpg,
201372.jpg,
201373.jpg,
201374.jpg,
201375.jpg,
201376.jpg,
201377.jpg,
201378.jpg,
201379.jpg,
201380.jpg,
201381.jpg,
201382.jpg,
201383.jpg,
201384.jpg,
201385.jpg,
201386.jpg,
201387.jpg,
201388.jpg,
201389.jpg,
201390.jpg,
201391.jpg,
201392.jpg,
201393.jpg,
201394.jpg,
201395.jpg,
201396.jpg,
201397.jpg,
201398.jpg,
201399.jpg,
201400.jpg,
201401.jpg,
201402.jpg,
201403.jpg,
201404.jpg,
201405.jpg,
201406.jpg,
201407.jpg,
201408.jpg,
201409.jpg,
201410.jpg,
201411.jpg,
201412.jpg,
201413.jpg,
201414.jpg,
201415.jpg,
201416.jpg,
201417.jpg,
201418.jpg,
201419.jpg,
201420.jpg,
201421.jpg,
201422.jpg,
201423.jpg,
201424.jpg,
201425.jpg,
201426.jpg,
201427.jpg,
201428.jpg,
201429.jpg,
201430.jpg,
201431.jpg,
201432.jpg,
201433.jpg,
201434.jpg,
201435.jpg,
201436.jpg,
201437.jpg,
201438.jpg,
201439.jpg,
201440.jpg,
201441.jpg,
201442.jpg,
201443.jpg,
201444.jpg,
201445.jpg,
201446.jpg,
201447.jpg,
201448.jpg,
201449.jpg,
201450.jpg,
201451.jpg,
201452.jpg,
201453.jpg,
201454.jpg,
201455.jpg,
201456.jpg,
201457.jpg,
201458.jpg,
201459.jpg,
201460.jpg,
201461.jpg,
201462.jpg,
201463.jpg,
201464.jpg,
201465.jpg,
201466.jpg,
201467.jpg,
201468.jpg,
201469.jpg,
201470.jpg,
201471.jpg,
201472.jpg,
201473.jpg,
201474.jpg,
201475.jpg,
201476.jpg,
201477.jpg,
201478.jpg,
201479.jpg,
201480.jpg,
201481.jpg,
201482.jpg,
201483.jpg,
201484.jpg,
201485.jpg,
201486.jpg,
201487.jpg,
201488.jpg,
201489.jpg,
201490.jpg,
201491.jpg,
201492.jpg,
201493.jpg,
201494.jpg,
201495.jpg,
201496.jpg,
201497.jpg,
201498.jpg,
201499.jpg,
201500.jpg,
201501.jpg,
201502.jpg,
201503.jpg,
201504.jpg,
201505.jpg,
201506.jpg,
201507.jpg,
201508.jpg,
201509.jpg,
201510.jpg,
201511.jpg,
201512.jpg,
201513.jpg,
201514.jpg,
201515.jpg,
201516.jpg,
201517.jpg,
201518.jpg,
201519.jpg,
201520.jpg,
201521.jpg,
201522.jpg,
201523.jpg,
201524.jpg,
201525.jpg,
201526.jpg,
201527.jpg,
201528.jpg,
201529.jpg,
201530.jpg,
201531.jpg,
201532.jpg,
201533.jpg,
201534.jpg,
201535.jpg,
201536.jpg,
201537.jpg,
201538.jpg,
201539.jpg,
201540.jpg,
201541.jpg,
201542.jpg,
201543.jpg,
201544.jpg,
201545.jpg,
201546.jpg,
201547.jpg,
201548.jpg,
201549.jpg,
201550.jpg,
201551.jpg,
201552.jpg,
201553.jpg,
201554.jpg,
201555.jpg,
201556.jpg,
201557.jpg,
201558.jpg,
201559.jpg,
201560.jpg,
201561.jpg,
201562.jpg,
201563.jpg,
201564.jpg,
201565.jpg,
201566.jpg,
201567.jpg,
201568.jpg,
201569.jpg,
201570.jpg,
201571.jpg,
201572.jpg,
201573.jpg,
201574.jpg,
201575.jpg,
201576.jpg,
201577.jpg,
201578.jpg,
201579.jpg,
201580.jpg,
201581.jpg,
201582.jpg,
201583.jpg,
201584.jpg,
201585.jpg,
201586.jpg,
201587.jpg,
201588.jpg,
201589.jpg,
201590.jpg,
201591.jpg,
201592.jpg,
201593.jpg,
201594.jpg,
201595.jpg,
201596.jpg,
201597.jpg,
201598.jpg,
201599.jpg,
201600.jpg,
201601.jpg,
201602.jpg,
201603.jpg,
201604.jpg,
201605.jpg,
201606.jpg,
201607.jpg,
201608.jpg,
201609.jpg,
201610.jpg,
201611.jpg,
201612.jpg,
201613.jpg,
201614.jpg,
201615.jpg,
201616.jpg,
201617.jpg,
201618.jpg,
201619.jpg,
201620.jpg,
201621.jpg,
201622.jpg,
201623.jpg,
201624.jpg,
201625.jpg,
201626.jpg,
201627.jpg,
201628.jpg,
201629.jpg,
201630.jpg,
201631.jpg,
201632.jpg,
201633.jpg,
201634.jpg,
201635.jpg,
201636.jpg,
201637.jpg,
201638.jpg,
201639.jpg,
201640.jpg,
201641.jpg,
201642.jpg,
201643.jpg,
201644.jpg,
201645.jpg,
201646.jpg,
201647.jpg,
201648.jpg,
201649.jpg,
201650.jpg,
201651.jpg,
201652.jpg,
201653.jpg,
201654.jpg,
201655.jpg,
201656.jpg,
201657.jpg,
201658.jpg,
201659.jpg,
201660.jpg,
201661.jpg,
201662.jpg,
201663.jpg,
201664.jpg,
201665.jpg,
201666.jpg,
201667.jpg,
201668.jpg,
201669.jpg,
201670.jpg,
201671.jpg,
201672.jpg,
201673.jpg,
201674.jpg,
201675.jpg,
201676.jpg,
201677.jpg,
201678.jpg,
201679.jpg,
201680.jpg,
201681.jpg,
201682.jpg,
201683.jpg,
201684.jpg,
201685.jpg,
201686.jpg,
201687.jpg,
201688.jpg,
201689.jpg,
201690.jpg,
201691.jpg,
201692.jpg,
201693.jpg,
201694.jpg,
201695.jpg,
201696.jpg,
201697.jpg,
201698.jpg,
201699.jpg,
201700.jpg,
201701.jpg,
201702.jpg,
201703.jpg,
201704.jpg,
201705.jpg,
201706.jpg,
201707.jpg,
201708.jpg,
201709.jpg,
201710.jpg,
201711.jpg,
201712.jpg,
201713.jpg,
201714.jpg,
201715.jpg,
201716.jpg,
201717.jpg,
201718.jpg,
201719.jpg,
201720.jpg,
201721.jpg,
201722.jpg,
201723.jpg,
201724.jpg,
201725.jpg,
201726.jpg,
201727.jpg,
201728.jpg,
201729.jpg,
201730.jpg,
201731.jpg,
201732.jpg,
201733.jpg,
201734.jpg,
201735.jpg,
201736.jpg,
201737.jpg,
201738.jpg,
201739.jpg,
201740.jpg,
201741.jpg,
201742.jpg,
201743.jpg,
201744.jpg,
201745.jpg,
201746.jpg,
201747.jpg,
201748.jpg,
201749.jpg,
201750.jpg,
201751.jpg,
201752.jpg,
201753.jpg,
201754.jpg,
201755.jpg,
201756.jpg,
201757.jpg,
201758.jpg,
201759.jpg,
201760.jpg,
201761.jpg,
201762.jpg,
201763.jpg,
201764.jpg,
201765.jpg,
201766.jpg,
201767.jpg,
201768.jpg,
201769.jpg,
201770.jpg,
201771.jpg,
201772.jpg,
201773.jpg,
201774.jpg,
201775.jpg,
201776.jpg,
201777.jpg,
201778.jpg,
201779.jpg,
201780.jpg,
201781.jpg,
201782.jpg,
201783.jpg,
201784.jpg,
201785.jpg,
201786.jpg,
201787.jpg,
201788.jpg,
201789.jpg,
201790.jpg,
201791.jpg,
201792.jpg,
201793.jpg,
201794.jpg,
201795.jpg,
201796.jpg,
201797.jpg,
201798.jpg,
201799.jpg,
201800.jpg,
201801.jpg,
201802.jpg,
201803.jpg,
201804.jpg,
201805.jpg,
201806.jpg,
201807.jpg,
201808.jpg,
201809.jpg,
201810.jpg,
201811.jpg,
201812.jpg,
201813.jpg,
201814.jpg,
201815.jpg,
201816.jpg,
201817.jpg,
201818.jpg,
201819.jpg,
201820.jpg,
201821.jpg,
201822.jpg,
201823.jpg,
201824.jpg,
201825.jpg,
201826.jpg,
201827.jpg,
201828.jpg,
201829.jpg,
201830.jpg,
201831.jpg,
201832.jpg,
201833.jpg,
201834.jpg,
201835.jpg,
201836.jpg,
201837.jpg,
201838.jpg,
201839.jpg,
201840.jpg,
201841.jpg,
201842.jpg,
201843.jpg,
201844.jpg,
201845.jpg,
201846.jpg,
201847.jpg,
201848.jpg,
201849.jpg,
201850.jpg,
201851.jpg,
201852.jpg,
201853.jpg,
201854.jpg,
201855.jpg,
201856.jpg,
201857.jpg,
201858.jpg,
201859.jpg,
201860.jpg,
201861.jpg,
201862.jpg,
201863.jpg,
201864.jpg,
201865.jpg,
201866.jpg,
201867.jpg,
201868.jpg,
201869.jpg,
201870.jpg,
201871.jpg,
201872.jpg,
201873.jpg,
201874.jpg,
201875.jpg,
201876.jpg,
201877.jpg,
201878.jpg,
201879.jpg,
201880.jpg,
201881.jpg,
201882.jpg,
201883.jpg,
201884.jpg,
201885.jpg,
201886.jpg,
201887.jpg,
201888.jpg,
201889.jpg,
201890.jpg,
201891.jpg,
201892.jpg,
201893.jpg,
201894.jpg,
201895.jpg,
201896.jpg,
201897.jpg,
201898.jpg,
201899.jpg,
201900.jpg,
201901.jpg,
201902.jpg,
201903.jpg,
201904.jpg,
201905.jpg,
201906.jpg,
201907.jpg,
201908.jpg,
201909.jpg,
201910.jpg,
201911.jpg,
201912.jpg,
201913.jpg,
201914.jpg,
201915.jpg,
201916.jpg,
201917.jpg,
201918.jpg,
201919.jpg,
201920.jpg,
201921.jpg,
201922.jpg,
201923.jpg,
201924.jpg,
201925.jpg,
201926.jpg,
201927.jpg,
201928.jpg,
201929.jpg,
201930.jpg,
201931.jpg,
201932.jpg,
201933.jpg,
201934.jpg,
201935.jpg,
201936.jpg,
201937.jpg,
201938.jpg,
201939.jpg,
201940.jpg,
201941.jpg,
201942.jpg,
201943.jpg,
201944.jpg,
201945.jpg,
201946.jpg,
201947.jpg,
201948.jpg,
201949.jpg,
201950.jpg,
201951.jpg,
201952.jpg,
201953.jpg,
201954.jpg,
201955.jpg,
201956.jpg,
201957.jpg,
201958.jpg,
201959.jpg,
201960.jpg,
201961.jpg,
201962.jpg,
201963.jpg,
201964.jpg,
201965.jpg,
201966.jpg,
201967.jpg,
201968.jpg,
201969.jpg,
201970.jpg,
201971.jpg,
201972.jpg,
201973.jpg,
201974.jpg,
201975.jpg,
201976.jpg,
201977.jpg,
201978.jpg,
201979.jpg,
201980.jpg,
201981.jpg,
201982.jpg,
201983.jpg,
201984.jpg,
201985.jpg,
201986.jpg,
201987.jpg,
201988.jpg,
201989.jpg,
201990.jpg,
201991.jpg,
201992.jpg,
201993.jpg,
201994.jpg,
201995.jpg,
201996.jpg,
201997.jpg,
201998.jpg,
201999.jpg,
202000.jpg,
202001.jpg,
202002.jpg,
202003.jpg,
202004.jpg,
202005.jpg,
202006.jpg,
202007.jpg,
202008.jpg,
202009.jpg,
202010.jpg,
202011.jpg,
202012.jpg,
202013.jpg,
202014.jpg,
202015.jpg,
202016.jpg,
202017.jpg,
202018.jpg,
202019.jpg,
202020.jpg,
202021.jpg,
202022.jpg,
202023.jpg,
202024.jpg,
202025.jpg,
202026.jpg,
202027.jpg,
202028.jpg,
202029.jpg,
202030.jpg,
202031.jpg,
202032.jpg,
202033.jpg,
202034.jpg,
202035.jpg,
202036.jpg,
202037.jpg,
202038.jpg,
202039.jpg,
202040.jpg,
202041.jpg,
202042.jpg,
202043.jpg,
202044.jpg,
202045.jpg,
202046.jpg,
202047.jpg,
202048.jpg,
202049.jpg,
202050.jpg,
202051.jpg,
202052.jpg,
202053.jpg,
202054.jpg,
202055.jpg,
202056.jpg,
202057.jpg,
202058.jpg,
202059.jpg,
202060.jpg,
202061.jpg,
202062.jpg,
202063.jpg,
202064.jpg,
202065.jpg,
202066.jpg,
202067.jpg,
202068.jpg,
202069.jpg,
202070.jpg,
202071.jpg,
202072.jpg,
202073.jpg,
202074.jpg,
202075.jpg,
202076.jpg,
202077.jpg,
202078.jpg,
202079.jpg,
202080.jpg,
202081.jpg,
202082.jpg,
202083.jpg,
202084.jpg,
202085.jpg,
202086.jpg,
202087.jpg,
202088.jpg,
202089.jpg,
202090.jpg,
202091.jpg,
202092.jpg,
202093.jpg,
202094.jpg,
202095.jpg,
202096.jpg,
202097.jpg,
202098.jpg,
202099.jpg,
202100.jpg,
202101.jpg,
202102.jpg,
202103.jpg,
202104.jpg,
202105.jpg,
202106.jpg,
202107.jpg,
202108.jpg,
202109.jpg,
202110.jpg,
202111.jpg,
202112.jpg,
202113.jpg,
202114.jpg,
202115.jpg,
202116.jpg,
202117.jpg,
202118.jpg,
202119.jpg,
202120.jpg,
202121.jpg,
202122.jpg,
202123.jpg,
202124.jpg,
202125.jpg,
202126.jpg,
202127.jpg,
202128.jpg,
202129.jpg,
202130.jpg,
202131.jpg,
202132.jpg,
202133.jpg,
202134.jpg,
202135.jpg,
202136.jpg,
202137.jpg,
202138.jpg,
202139.jpg,
202140.jpg,
202141.jpg,
202142.jpg,
202143.jpg,
202144.jpg,
202145.jpg,
202146.jpg,
202147.jpg,
202148.jpg,
202149.jpg,
202150.jpg,
202151.jpg,
202152.jpg,
202153.jpg,
202154.jpg,
202155.jpg,
202156.jpg,
202157.jpg,
202158.jpg,
202159.jpg,
202160.jpg,
202161.jpg,
202162.jpg,
202163.jpg,
202164.jpg,
202165.jpg,
202166.jpg,
202167.jpg,
202168.jpg,
202169.jpg,
202170.jpg,
202171.jpg,
202172.jpg,
202173.jpg,
202174.jpg,
202175.jpg,
202176.jpg,
202177.jpg,
202178.jpg,
202179.jpg,
202180.jpg,
202181.jpg,
202182.jpg,
202183.jpg,
202184.jpg,
202185.jpg,
202186.jpg,
202187.jpg,
202188.jpg,
202189.jpg,
202190.jpg,
202191.jpg,
202192.jpg,
202193.jpg,
202194.jpg,
202195.jpg,
202196.jpg,
202197.jpg,
202198.jpg,
202199.jpg,
202200.jpg,
202201.jpg,
202202.jpg,
202203.jpg,
202204.jpg,
202205.jpg,
202206.jpg,
202207.jpg,
202208.jpg,
202209.jpg,
202210.jpg,
202211.jpg,
202212.jpg,
202213.jpg,
202214.jpg,
202215.jpg,
202216.jpg,
202217.jpg,
202218.jpg,
202219.jpg,
202220.jpg,
202221.jpg,
202222.jpg,
202223.jpg,
202224.jpg,
202225.jpg,
202226.jpg,
202227.jpg,
202228.jpg,
202229.jpg,
202230.jpg,
202231.jpg,
202232.jpg,
202233.jpg,
202234.jpg,
202235.jpg,
202236.jpg,
202237.jpg,
202238.jpg,
202239.jpg,
202240.jpg,
202241.jpg,
202242.jpg,
202243.jpg,
202244.jpg,
202245.jpg,
202246.jpg,
202247.jpg,
202248.jpg,
202249.jpg,
202250.jpg,
202251.jpg,
202252.jpg,
202253.jpg,
202254.jpg,
202255.jpg,
202256.jpg,
202257.jpg,
202258.jpg,
202259.jpg,
202260.jpg,
202261.jpg,
202262.jpg,
202263.jpg,
202264.jpg,
202265.jpg,
202266.jpg,
202267.jpg,
202268.jpg,
202269.jpg,
202270.jpg,
202271.jpg,
202272.jpg,
202273.jpg,
202274.jpg,
202275.jpg,
202276.jpg,
202277.jpg,
202278.jpg,
202279.jpg,
202280.jpg,
202281.jpg,
202282.jpg,
202283.jpg,
202284.jpg,
202285.jpg,
202286.jpg,
202287.jpg,
202288.jpg,
202289.jpg,
202290.jpg,
202291.jpg,
202292.jpg,
202293.jpg,
202294.jpg,
202295.jpg,
202296.jpg,
202297.jpg,
202298.jpg,
202299.jpg,
202300.jpg,
202301.jpg,
202302.jpg,
202303.jpg,
202304.jpg,
202305.jpg,
202306.jpg,
202307.jpg,
202308.jpg,
202309.jpg,
202310.jpg,
202311.jpg,
202312.jpg,
202313.jpg,
202314.jpg,
202315.jpg,
202316.jpg,
202317.jpg,
202318.jpg,
202319.jpg,
202320.jpg,
202321.jpg,
202322.jpg,
202323.jpg,
202324.jpg,
202325.jpg,
202326.jpg,
202327.jpg,
202328.jpg,
202329.jpg,
202330.jpg,
202331.jpg,
202332.jpg,
202333.jpg,
202334.jpg,
202335.jpg,
202336.jpg,
202337.jpg,
202338.jpg,
202339.jpg,
202340.jpg,
202341.jpg,
202342.jpg,
202343.jpg,
202344.jpg,
202345.jpg,
202346.jpg,
202347.jpg,
202348.jpg,
202349.jpg,
202350.jpg,
202351.jpg,
202352.jpg,
202353.jpg,
202354.jpg,
202355.jpg,
202356.jpg,
202357.jpg,
202358.jpg,
202359.jpg,
202360.jpg,
202361.jpg,
202362.jpg,
202363.jpg,
202364.jpg,
202365.jpg,
202366.jpg,
202367.jpg,
202368.jpg,
202369.jpg,
202370.jpg,
202371.jpg,
202372.jpg,
202373.jpg,
202374.jpg,
202375.jpg,
202376.jpg,
202377.jpg,
202378.jpg,
202379.jpg,
202380.jpg,
202381.jpg,
202382.jpg,
202383.jpg,
202384.jpg,
202385.jpg,
202386.jpg,
202387.jpg,
202388.jpg,
202389.jpg,
202390.jpg,
202391.jpg,
202392.jpg,
202393.jpg,
202394.jpg,
202395.jpg,
202396.jpg,
202397.jpg,
202398.jpg,
202399.jpg,
202400.jpg,
202401.jpg,
202402.jpg,
202403.jpg,
202404.jpg,
202405.jpg,
202406.jpg,
202407.jpg,
202408.jpg,
202409.jpg,
202410.jpg,
202411.jpg,
202412.jpg,
202413.jpg,
202414.jpg,
202415.jpg,
202416.jpg,
202417.jpg,
202418.jpg,
202419.jpg,
202420.jpg,
202421.jpg,
202422.jpg,
202423.jpg,
202424.jpg,
202425.jpg,
202426.jpg,
202427.jpg,
202428.jpg,
202429.jpg,
202430.jpg,
202431.jpg,
202432.jpg,
202433.jpg,
202434.jpg,
202435.jpg,
202436.jpg,
202437.jpg,
202438.jpg,
202439.jpg,
202440.jpg,
202441.jpg,
202442.jpg,
202443.jpg,
202444.jpg,
202445.jpg,
202446.jpg,
202447.jpg,
202448.jpg,
202449.jpg,
202450.jpg,
202451.jpg,
202452.jpg,
202453.jpg,
202454.jpg,
202455.jpg,
202456.jpg,
202457.jpg,
202458.jpg,
202459.jpg,
202460.jpg,
202461.jpg,
202462.jpg,
202463.jpg,
202464.jpg,
202465.jpg,
202466.jpg,
202467.jpg,
202468.jpg,
202469.jpg,
202470.jpg,
202471.jpg,
202472.jpg,
202473.jpg,
202474.jpg,
202475.jpg,
202476.jpg,
202477.jpg,
202478.jpg,
202479.jpg,
202480.jpg,
202481.jpg,
202482.jpg,
202483.jpg,
202484.jpg,
202485.jpg,
202486.jpg,
202487.jpg,
202488.jpg,
202489.jpg,
202490.jpg,
202491.jpg,
202492.jpg,
202493.jpg,
202494.jpg,
202495.jpg,
202496.jpg,
202497.jpg,
202498.jpg,
202499.jpg,
202500.jpg,
202501.jpg,
202502.jpg,
202503.jpg,
202504.jpg,
202505.jpg,
202506.jpg,
202507.jpg,
202508.jpg,
202509.jpg,
202510.jpg,
202511.jpg,
202512.jpg,
202513.jpg,
202514.jpg,
202515.jpg,
202516.jpg,
202517.jpg,
202518.jpg,
202519.jpg,
202520.jpg,
202521.jpg,
202522.jpg,
202523.jpg,
202524.jpg,
202525.jpg,
202526.jpg,
202527.jpg,
202528.jpg,
202529.jpg,
202530.jpg,
202531.jpg,
202532.jpg,
202533.jpg,
202534.jpg,
202535.jpg,
202536.jpg,
202537.jpg,
202538.jpg,
202539.jpg,
202540.jpg,
202541.jpg,
202542.jpg,
202543.jpg,
202544.jpg,
202545.jpg,
202546.jpg,
202547.jpg,
202548.jpg,
202549.jpg,
202550.jpg,
202551.jpg,
202552.jpg,
202553.jpg,
202554.jpg,
202555.jpg,
202556.jpg,
202557.jpg,
202558.jpg,
202559.jpg,
202560.jpg,
202561.jpg,
202562.jpg,
202563.jpg,
202564.jpg,
202565.jpg,
202566.jpg,
202567.jpg,
202568.jpg,
202569.jpg,
202570.jpg,
202571.jpg,
202572.jpg,
202573.jpg,
202574.jpg,
202575.jpg,
202576.jpg,
202577.jpg,
202578.jpg,
202579.jpg,
202580.jpg,
202581.jpg,
202582.jpg,
202583.jpg,
202584.jpg,
202585.jpg,
202586.jpg,
202587.jpg,
202588.jpg,
202589.jpg,
202590.jpg,
202591.jpg,
202592.jpg,
202593.jpg,
202594.jpg,
202595.jpg,
202596.jpg,
202597.jpg,
202598.jpg,
202599.jpg,
202600.jpg,
202601.jpg,
202602.jpg,
202603.jpg,
202604.jpg,
202605.jpg,
202606.jpg,
202607.jpg,
202608.jpg,
202609.jpg,
202610.jpg,
202611.jpg,
202612.jpg,
202613.jpg,
202614.jpg,
202615.jpg,
202616.jpg,
202617.jpg,
202618.jpg,
202619.jpg,
202620.jpg,
202621.jpg,
202622.jpg,
202623.jpg,
202624.jpg,
202625.jpg,
202626.jpg,
202627.jpg,
202628.jpg,
202629.jpg,
202630.jpg,
202631.jpg,
202632.jpg,
202633.jpg,
202634.jpg,
202635.jpg,
202636.jpg,
202637.jpg,
202638.jpg,
202639.jpg,
202640.jpg,
202641.jpg,
202642.jpg,
202643.jpg,
202644.jpg,
202645.jpg,
202646.jpg,
202647.jpg,
202648.jpg,
202649.jpg,
202650.jpg,
202651.jpg,
202652.jpg,
202653.jpg,
202654.jpg,
202655.jpg,
202656.jpg,
202657.jpg,
202658.jpg,
202659.jpg,
202660.jpg,
202661.jpg,
202662.jpg,
202663.jpg,
202664.jpg,
202665.jpg,
202666.jpg,
202667.jpg,
202668.jpg,
202669.jpg,
202670.jpg,
202671.jpg,
202672.jpg,
202673.jpg,
202674.jpg,
202675.jpg,
202676.jpg,
202677.jpg,
202678.jpg,
202679.jpg,
202680.jpg,
202681.jpg,
202682.jpg,
202683.jpg,
202684.jpg,
202685.jpg,
202686.jpg,
202687.jpg,
202688.jpg,
202689.jpg,
202690.jpg,
202691.jpg,
202692.jpg,
202693.jpg,
202694.jpg,
202695.jpg,
202696.jpg,
202697.jpg,
202698.jpg,
202699.jpg,
202700.jpg,
202701.jpg,
202702.jpg,
202703.jpg,
202704.jpg,
202705.jpg,
202706.jpg,
202707.jpg,
202708.jpg,
202709.jpg,
202710.jpg,
202711.jpg,
202712.jpg,
202713.jpg,
202714.jpg,
202715.jpg,
202716.jpg,
202717.jpg,
202718.jpg,
202719.jpg,
202720.jpg,
202721.jpg,
202722.jpg,
202723.jpg,
202724.jpg,
202725.jpg,
202726.jpg,
202727.jpg,
202728.jpg,
202729.jpg,
202730.jpg,
202731.jpg,
202732.jpg,
202733.jpg,
202734.jpg,
202735.jpg,
202736.jpg,
202737.jpg,
202738.jpg,
202739.jpg,
202740.jpg,
202741.jpg,
202742.jpg,
202743.jpg,
202744.jpg,
202745.jpg,
202746.jpg,
202747.jpg,
202748.jpg,
202749.jpg,
202750.jpg,
202751.jpg,
202752.jpg,
202753.jpg,
202754.jpg,
202755.jpg,
202756.jpg,
202757.jpg,
202758.jpg,
202759.jpg,
202760.jpg,
202761.jpg,
202762.jpg,
202763.jpg,
202764.jpg,
202765.jpg,
202766.jpg,
202767.jpg,
202768.jpg,
202769.jpg,
202770.jpg,
202771.jpg,
202772.jpg,
202773.jpg,
202774.jpg,
202775.jpg,
202776.jpg,
202777.jpg,
202778.jpg,
202779.jpg,
202780.jpg,
202781.jpg,
202782.jpg,
202783.jpg,
202784.jpg,
202785.jpg,
202786.jpg,
202787.jpg,
202788.jpg,
202789.jpg,
202790.jpg,
202791.jpg,
202792.jpg,
202793.jpg,
202794.jpg,
202795.jpg,
202796.jpg,
202797.jpg,
202798.jpg,
202799.jpg,
202800.jpg,
202801.jpg,
202802.jpg,
202803.jpg,
202804.jpg,
202805.jpg,
202806.jpg,
202807.jpg,
202808.jpg,
202809.jpg,
202810.jpg,
202811.jpg,
202812.jpg,
202813.jpg,
202814.jpg,
202815.jpg,
202816.jpg,
202817.jpg,
202818.jpg,
202819.jpg,
202820.jpg,
202821.jpg,
202822.jpg,
202823.jpg,
202824.jpg,
202825.jpg,
202826.jpg,
202827.jpg,
202828.jpg,
202829.jpg,
202830.jpg,
202831.jpg,
202832.jpg,
202833.jpg,
202834.jpg,
202835.jpg,
202836.jpg,
202837.jpg,
202838.jpg,
202839.jpg,
202840.jpg,
202841.jpg,
202842.jpg,
202843.jpg,
202844.jpg,
202845.jpg,
202846.jpg,
202847.jpg,
202848.jpg,
202849.jpg,
202850.jpg,
202851.jpg,
202852.jpg,
202853.jpg,
202854.jpg,
202855.jpg,
202856.jpg,
202857.jpg,
202858.jpg,
202859.jpg,
202860.jpg,
202861.jpg,
202862.jpg,
202863.jpg,
202864.jpg,
202865.jpg,
202866.jpg,
202867.jpg,
202868.jpg,
202869.jpg,
202870.jpg,
202871.jpg,
202872.jpg,
202873.jpg,
202874.jpg,
202875.jpg,
202876.jpg,
202877.jpg,
202878.jpg,
202879.jpg,
202880.jpg,
202881.jpg,
202882.jpg,
202883.jpg,
202884.jpg,
202885.jpg,
202886.jpg,
202887.jpg,
202888.jpg,
202889.jpg,
202890.jpg,
202891.jpg,
202892.jpg,
202893.jpg,
202894.jpg,
202895.jpg,
202896.jpg,
202897.jpg,
202898.jpg,
202899.jpg,
202900.jpg,
202901.jpg,
202902.jpg,
202903.jpg,
202904.jpg,
202905.jpg,
202906.jpg,
202907.jpg,
202908.jpg,
202909.jpg,
202910.jpg,
202911.jpg,
202912.jpg,
202913.jpg,
202914.jpg,
202915.jpg,
202916.jpg,
202917.jpg,
202918.jpg,
202919.jpg,
202920.jpg,
202921.jpg,
202922.jpg,
202923.jpg,
202924.jpg,
202925.jpg,
202926.jpg,
202927.jpg,
202928.jpg,
202929.jpg,
202930.jpg,
202931.jpg,
202932.jpg,
202933.jpg,
202934.jpg,
202935.jpg,
202936.jpg,
202937.jpg,
202938.jpg,
202939.jpg,
202940.jpg,
202941.jpg,
202942.jpg,
202943.jpg,
202944.jpg,
202945.jpg,
202946.jpg,
202947.jpg,
202948.jpg,
202949.jpg,
202950.jpg,
202951.jpg,
202952.jpg,
202953.jpg,
202954.jpg,
202955.jpg,
202956.jpg,
202957.jpg,
202958.jpg,
202959.jpg,
202960.jpg,
202961.jpg,
202962.jpg,
202963.jpg,
202964.jpg,
202965.jpg,
202966.jpg,
202967.jpg,
202968.jpg,
202969.jpg,
202970.jpg,
202971.jpg,
202972.jpg,
202973.jpg,
202974.jpg,
202975.jpg,
202976.jpg,
202977.jpg,
202978.jpg,
202979.jpg,
202980.jpg,
202981.jpg,
202982.jpg,
202983.jpg,
202984.jpg,
202985.jpg,
202986.jpg,
202987.jpg,
202988.jpg,
202989.jpg,
202990.jpg,
202991.jpg,
202992.jpg,
202993.jpg,
202994.jpg,
202995.jpg,
202996.jpg,
202997.jpg,
202998.jpg,
202999.jpg,
203000.jpg,
203001.jpg,
203002.jpg,
203003.jpg,
203004.jpg,
203005.jpg,
203006.jpg,
203007.jpg,
203008.jpg,
203009.jpg,
203010.jpg,
203011.jpg,
203012.jpg,
203013.jpg,
203014.jpg,
203015.jpg,
203016.jpg,
203017.jpg,
203018.jpg,
203019.jpg,
203020.jpg,
203021.jpg,
203022.jpg,
203023.jpg,
203024.jpg,
203025.jpg,
203026.jpg,
203027.jpg,
203028.jpg,
203029.jpg,
203030.jpg,
203031.jpg,
203032.jpg,
203033.jpg,
203034.jpg,
203035.jpg,
203036.jpg,
203037.jpg,
203038.jpg,
203039.jpg,
203040.jpg,
203041.jpg,
203042.jpg,
203043.jpg,
203044.jpg,
203045.jpg,
203046.jpg,
203047.jpg,
203048.jpg,
203049.jpg,
203050.jpg,
203051.jpg,
203052.jpg,
203053.jpg,
203054.jpg,
203055.jpg,
203056.jpg,
203057.jpg,
203058.jpg,
203059.jpg,
203060.jpg,
203061.jpg,
203062.jpg,
203063.jpg,
203064.jpg,
203065.jpg,
203066.jpg,
203067.jpg,
203068.jpg,
203069.jpg,
203070.jpg,
203071.jpg,
203072.jpg,
203073.jpg,
203074.jpg,
203075.jpg,
203076.jpg,
203077.jpg,
203078.jpg,
203079.jpg,
203080.jpg,
203081.jpg,
203082.jpg,
203083.jpg,
203084.jpg,
203085.jpg,
203086.jpg,
203087.jpg,
203088.jpg,
203089.jpg,
203090.jpg,
203091.jpg,
203092.jpg,
203093.jpg,
203094.jpg,
203095.jpg,
203096.jpg,
203097.jpg,
203098.jpg,
203099.jpg,
203100.jpg,
203101.jpg,
203102.jpg,
203103.jpg,
203104.jpg,
203105.jpg,
203106.jpg,
203107.jpg,
203108.jpg,
203109.jpg,
203110.jpg,
203111.jpg,
203112.jpg,
203113.jpg,
203114.jpg,
203115.jpg,
203116.jpg,
203117.jpg,
203118.jpg,
203119.jpg,
203120.jpg,
203121.jpg,
203122.jpg,
203123.jpg,
203124.jpg,
203125.jpg,
203126.jpg,
203127.jpg,
203128.jpg,
203129.jpg,
203130.jpg,
203131.jpg,
203132.jpg,
203133.jpg,
203134.jpg,
203135.jpg,
203136.jpg,
203137.jpg,
203138.jpg,
203139.jpg,
203140.jpg,
203141.jpg,
203142.jpg,
203143.jpg,
203144.jpg,
203145.jpg,
203146.jpg,
203147.jpg,
203148.jpg,
203149.jpg,
203150.jpg,
203151.jpg,
203152.jpg,
203153.jpg,
203154.jpg,
203155.jpg,
203156.jpg,
203157.jpg,
203158.jpg,
203159.jpg,
203160.jpg,
203161.jpg,
203162.jpg,
203163.jpg,
203164.jpg,
203165.jpg,
203166.jpg,
203167.jpg,
203168.jpg,
203169.jpg,
203170.jpg,
203171.jpg,
203172.jpg,
203173.jpg,
203174.jpg,
203175.jpg,
203176.jpg,
203177.jpg,
203178.jpg,
203179.jpg,
203180.jpg,
203181.jpg,
203182.jpg,
203183.jpg,
203184.jpg,
203185.jpg,
203186.jpg,
203187.jpg,
203188.jpg,
203189.jpg,
203190.jpg,
203191.jpg,
203192.jpg,
203193.jpg,
203194.jpg,
203195.jpg,
203196.jpg,
203197.jpg,
203198.jpg,
203199.jpg,
203200.jpg,
203201.jpg,
203202.jpg,
203203.jpg,
203204.jpg,
203205.jpg,
203206.jpg,
203207.jpg,
203208.jpg,
203209.jpg,
203210.jpg,
203211.jpg,
203212.jpg,
203213.jpg,
203214.jpg,
203215.jpg,
203216.jpg,
203217.jpg,
203218.jpg,
203219.jpg,
203220.jpg,
203221.jpg,
203222.jpg,
203223.jpg,
203224.jpg,
203225.jpg,
203226.jpg,
203227.jpg,
203228.jpg,
203229.jpg,
203230.jpg,
203231.jpg,
203232.jpg,
203233.jpg,
203234.jpg,
203235.jpg,
203236.jpg,
203237.jpg,
203238.jpg,
203239.jpg,
203240.jpg,
203241.jpg,
203242.jpg,
203243.jpg,
203244.jpg,
203245.jpg,
203246.jpg,
203247.jpg,
203248.jpg,
203249.jpg,
203250.jpg,
203251.jpg,
203252.jpg,
203253.jpg,
203254.jpg,
203255.jpg,
203256.jpg,
203257.jpg,
203258.jpg,
203259.jpg,
203260.jpg,
203261.jpg,
203262.jpg,
203263.jpg,
203264.jpg,
203265.jpg,
203266.jpg,
203267.jpg,
203268.jpg,
203269.jpg,
203270.jpg,
203271.jpg,
203272.jpg,
203273.jpg,
203274.jpg,
203275.jpg,
203276.jpg,
203277.jpg,
203278.jpg,
203279.jpg,
203280.jpg,
203281.jpg,
203282.jpg,
203283.jpg,
203284.jpg,
203285.jpg,
203286.jpg,
203287.jpg,
203288.jpg,
203289.jpg,
203290.jpg,
203291.jpg,
203292.jpg,
203293.jpg,
203294.jpg,
203295.jpg,
203296.jpg,
203297.jpg,
203298.jpg,
203299.jpg,
203300.jpg,
203301.jpg,
203302.jpg,
203303.jpg,
203304.jpg,
203305.jpg,
203306.jpg,
203307.jpg,
203308.jpg,
203309.jpg,
203310.jpg,
203311.jpg,
203312.jpg,
203313.jpg,
203314.jpg,
203315.jpg,
203316.jpg,
203317.jpg,
203318.jpg,
203319.jpg,
203320.jpg,
203321.jpg,
203322.jpg,
203323.jpg,
203324.jpg,
203325.jpg,
203326.jpg,
203327.jpg,
203328.jpg,
203329.jpg,
203330.jpg,
203331.jpg,
203332.jpg,
203333.jpg,
203334.jpg,
203335.jpg,
203336.jpg,
203337.jpg,
203338.jpg,
203339.jpg,
203340.jpg,
203341.jpg,
203342.jpg,
203343.jpg,
203344.jpg,
203345.jpg,
203346.jpg,
203347.jpg,
203348.jpg,
203349.jpg,
203350.jpg,
203351.jpg,
203352.jpg,
203353.jpg,
203354.jpg,
203355.jpg,
203356.jpg,
203357.jpg,
203358.jpg,
203359.jpg,
203360.jpg,
203361.jpg,
203362.jpg,
203363.jpg,
203364.jpg,
203365.jpg,
203366.jpg,
203367.jpg,
203368.jpg,
203369.jpg,
203370.jpg,
203371.jpg,
203372.jpg,
203373.jpg,
203374.jpg,
203375.jpg,
203376.jpg,
203377.jpg,
203378.jpg,
203379.jpg,
203380.jpg,
203381.jpg,
203382.jpg,
203383.jpg,
203384.jpg,
203385.jpg,
203386.jpg,
203387.jpg,
203388.jpg,
203389.jpg,
203390.jpg,
203391.jpg,
203392.jpg,
203393.jpg,
203394.jpg,
203395.jpg,
203396.jpg,
203397.jpg,
203398.jpg,
203399.jpg,
203400.jpg,
203401.jpg,
203402.jpg,
203403.jpg,
203404.jpg,
203405.jpg,
203406.jpg,
203407.jpg,
203408.jpg,
203409.jpg,
203410.jpg,
203411.jpg,
203412.jpg,
203413.jpg,
203414.jpg,
203415.jpg,
203416.jpg,
203417.jpg,
203418.jpg,
203419.jpg,
203420.jpg,
203421.jpg,
203422.jpg,
203423.jpg,
203424.jpg,
203425.jpg,
203426.jpg,
203427.jpg,
203428.jpg,
203429.jpg,
203430.jpg,
203431.jpg,
203432.jpg,
203433.jpg,
203434.jpg,
203435.jpg,
203436.jpg,
203437.jpg,
203438.jpg,
203439.jpg,
203440.jpg,
203441.jpg,
203442.jpg,
203443.jpg,
203444.jpg,
203445.jpg,
203446.jpg,
203447.jpg,
203448.jpg,
203449.jpg,
203450.jpg,
203451.jpg,
203452.jpg,
203453.jpg,
203454.jpg,
203455.jpg,
203456.jpg,
203457.jpg,
203458.jpg,
203459.jpg,
203460.jpg,
203461.jpg,
203462.jpg,
203463.jpg,
203464.jpg,
203465.jpg,
203466.jpg,
203467.jpg,
203468.jpg,
203469.jpg,
