,num_sold,congestion
0,53.48,46.027767
1,35.58,34.16307
2,52.62666667,48.574802
3,23.99333333,25.823097
4,68.46666667,68.74513
5,66.25333333,60.26452
6,42.51333333,41.631767
7,49.24666667,47.874664
8,59.56666667,57.778984
9,69.04,65.314575
10,36.89333333,37.272495
11,30.24,29.496193
12,35.95333333,36.263393
13,34.25333333,35.39949
14,64.78,61.462334
15,30.11333333,30.333256
16,38.46666667,38.797268
17,52.82,55.41622
18,60.61333333,58.944126
19,58.73333333,61.463818
20,37.74666667,39.806667
21,41.48666667,35.798775
22,39.05333333,37.32188
23,70.81333333,57.121033
24,56.4,56.336132
25,61.43333333,59.0581
26,56.22666667,55.092983
27,72.25333333,70.736694
28,61.43333333,53.60767
29,49.58,51.152035
30,66.73333333,64.47428
31,67.37333333,63.00748
32,71.57333333,64.33439
33,40.26,40.250896
34,62.07333333,65.32662
35,53.3,54.666748
36,62.16666667,63.859707
37,43.73333333,38.897503
38,45.79333333,41.869194
39,63.66,64.995865
40,71.36,68.55378
41,47.66666667,49.936665
42,72.85333333,73.266655
43,64.89333333,70.409836
44,39.34,35.667057
45,22.01333333,20.792507
46,28.39333333,29.037529
47,38.11333333,36.17875
48,24.10666667,33.94061
49,44.4,46.277496
50,56.66,51.861427
51,64.11333333,63.44284
52,64.84666667,57.722073
53,34.28666667,35.038837
54,23.27333333,21.325108
55,54.86666667,64.74722
56,22.96666667,18.56534
57,52.89333333,53.12106
58,73.20666667,70.99926
59,50.05333333,45.841896
60,58.55333333,57.327335
61,28.58,27.282183
62,67.71333333,67.38948
63,20.37333333,19.308054
64,55.80666667,42.9978
65,43.77333333,45.78032
66,32.99333333,34.645336
67,53.14,48.356224
68,28.20666667,26.31374
69,70.83333333,69.07225
70,59.54666667,60.471203
71,42.10666667,41.41333
72,50.61333333,48.06263
73,64.21333333,57.822605
74,71.07333333,64.60573
75,37.51333333,37.176456
76,20.65333333,29.46915
77,34.56,36.414936
78,36.73333333,35.393604
79,72.07333333,63.704216
80,23.56666667,28.464153
81,39.69333333,38.831425
82,56.40666667,55.200417
83,56.78666667,58.924282
84,66.82,61.41475
85,38.62666667,40.141586
86,48.24666667,36.610386
87,36.33333333,38.04497
88,61.52666667,57.413357
89,63.94,57.164352
90,62.40666667,59.37344
91,48.94,55.41505
92,73.67333333,71.21877
93,60.16666667,54.158485
94,52.61333333,51.2206
95,68.34,64.51399
96,73.38,63.535084
97,70.97333333,64.28193
98,40.19333333,40.26502
99,64.53333333,65.947525
100,51.87333333,55.18026
101,64.68666667,64.02193
102,49.56666667,39.50668
103,48.46666667,42.156166
104,77.62666667,65.33462
105,72.69333333,69.0288
106,46.79333333,50.147358
107,77.88666667,74.07106
108,67.97333333,71.06991
109,39.51333333,35.820793
110,19.81333333,20.614958
111,29.74666667,29.074057
112,34.79333333,36.347473
113,27.51333333,33.963383
114,43.28666667,46.474632
115,59.28666667,53.15782
116,63.5,63.751427
117,65.94666667,58.09893
118,36.29333333,34.935356
119,28.29333333,21.321936
120,62.13333333,65.05071
121,22.53333333,24.541918
122,51.97333333,53.3074
123,76.70666667,71.73154
124,49.30666667,46.172657
125,60.48,57.585033
126,34.30666667,27.515314
127,68.94,67.8379
128,18.51333333,19.553339
129,38.93333333,42.72937
130,45.44,46.438843
131,37.44,35.170223
132,53.67333333,48.816257
133,27.13333333,26.77895
134,76.22666667,69.134285
135,68.98666667,60.416958
136,44.07333333,41.432312
137,47.73333333,47.770443
138,66.69333333,57.92558
139,72.06666667,63.91981
140,37.84666667,37.1282
141,25.76666667,30.24816
142,34.13333333,36.65939
143,37.70666667,35.420013
144,70.06666667,63.873276
145,29.26,29.871834
146,44.31333333,38.912006
147,54.02,55.362694
148,55.65333333,59.17964
149,73.46,61.352028
150,47.36,40.146355
151,35.40666667,37.027615
152,37.24666667,38.448833
153,68.30666667,57.66782
154,59.89333333,57.5299
155,62.88,59.555874
156,48.06,55.606514
157,69.52,71.34623
158,62.08666667,54.50918
159,54.13333333,51.545685
160,70.66,64.83715
161,59.86,63.707203
162,66.44,64.19807
163,39.47333333,40.42455
164,71.11333333,66.11531
165,58.02,55.27695
166,66.74,64.305466
167,45.92666667,39.319416
168,49.61333333,42.384686
169,68.59333333,65.333565
170,72.22,69.05765
171,48.58666667,50.459595
172,83.9,74.228035
173,70.74,71.270645
174,36.80666667,35.84939
175,19.80666667,20.435228
176,29.37333333,29.066746
177,43.18666667,36.699448
178,29.89333333,33.973373
179,40.93333333,46.457752
180,50.14,53.473476
181,66.24666667,63.93369
182,67.3,58.38493
183,35.16,34.978153
184,27.57333333,21.32113
185,60.76666667,65.09662
186,23.53333333,23.440563
187,51.31333333,53.508114
188,76.2,71.89668
189,41.57333333,46.943874
190,56.93333333,57.80951
191,35.47333333,27.358242
192,71.94,68.07001
193,14.48,17.368338
194,40.96666667,43.48523
195,47.40666667,48.004234
196,43.1,35.51643
197,58.2,47.81935
198,21.26666667,27.343853
199,64.11333333,70.40405
200,66.74666667,61.209244
201,53.06666667,45.299854
202,49.24,46.47268
203,66.00666667,59.88553
204,69.36666667,63.03811
205,37.52666667,37.47226
206,29.70666667,31.135166
207,36.81333333,38.14815
208,40.97333333,36.173477
209,62.6,62.54104
210,28.6,31.568548
211,44.4,40.74393
212,57.14666667,57.449684
213,64.74,61.24234
214,49.16,62.545216
215,41.82,38.79381
216,41.94666667,37.098423
217,36.29333333,38.630352
218,70.68666667,61.331036
219,63.29333333,60.689014
220,58.64,58.285145
221,67.56666667,58.697895
222,67.59333333,71.009766
223,55.96,56.966755
224,61.32666667,52.323532
225,73.71333333,65.13414
226,63.3,64.4171
227,65.24666667,66.05102
228,44.18666667,41.146046
229,75.66,66.86031
230,57.84,57.552402
231,63.48666667,64.67548
232,36.38,42.29459
233,44.66666667,42.804276
234,63.47333333,67.02089
235,70.67333333,68.80522
236,46.12666667,50.407307
237,80.09333333,74.999985
238,76.86,74.34935
239,37.1,36.823994
240,32.62666667,20.631006
241,30.86666667,29.008265
242,38.31333333,37.476376
243,33.72,33.915516
244,46.2,46.70363
245,65.9,55.976364
246,65.83333333,64.10227
247,72.74,60.877213
248,39.38,35.505306
249,21.58666667,21.364504
250,65.12666667,65.42867
251,27.06666667,20.75439
252,54.47333333,53.492855
253,75.29333333,72.30007
254,38.76,47.10406
255,59.64,57.316483
256,35.16666667,27.990406
257,74.66666667,68.47463
258,18.69333333,17.685503
259,39.02,41.717236
260,40.68666667,46.7021
261,33.96,36.178753
262,53.65333333,47.90176
263,31.08666667,28.582975
264,70.17333333,71.69125
265,66.7,61.73383
266,37.74666667,45.459534
267,48.19333333,47.368134
268,63.20666667,60.508644
269,65.22,63.612015
270,39.02666667,37.95347
271,35.48,31.863941
272,39.19333333,39.180733
273,26.76,34.661495
274,61.07333333,62.625416
275,28.43333333,30.297916
276,41.12666667,40.86666
277,59.31333333,57.65464
278,63.66,61.679127
279,64.39333333,63.19758
280,44.28666667,39.31962
281,42.96666667,38.113796
282,43.62666667,39.35306
283,60.78,61.78694
284,66.53333333,61.07201
285,57.16666667,58.914654
286,64.56,59.09428
287,73.9,71.414696
288,52.92,57.62526
289,58.94666667,52.86452
290,68.18666667,65.72495
291,67.92,64.68327
292,72.52,66.52218
293,42.54666667,41.673557
294,72.39333333,67.87673
295,52.92666667,57.7209
296,64.74666667,65.321754
297,36.96,42.047184
298,37.58666667,43.18686
299,69,66.97592
300,70.6,69.669945
301,49.27333333,50.733257
302,80.52,75.752426
303,73.86666667,74.88786
304,35.7,37.393932
305,26.71333333,20.76427
306,58.04666667,29.041935
307,38.46,38.04536
308,33.81333333,33.91926
309,46.14,46.877632
310,64.8,56.134533
311,66.76,64.53328
312,70.29333333,61.859093
313,36.77333333,36.033047
314,21.38,21.449827
315,69.69333333,66.35366
316,38.53333333,28.174809
317,54.33333333,54.055782
318,75.91333333,73.119026
319,38.11333333,47.91242
320,61.36666667,57.810165
321,28.96,28.165817
322,69.07333333,68.93088
323,16.63333333,16.295008
324,30.63333333,42.048103
325,39.73333333,48.22925
326,34.23333333,38.374756
327,46.62666667,49.092052
328,31.72,29.491837
329,79.78666667,73.41154
330,68.99333333,62.94076
331,51.83333333,46.72959
332,46.98666667,47.751637
333,66.64666667,61.537548
334,67.78,64.38671
335,39.8,38.60589
336,39.2,32.405823
337,38.62666667,40.06162
338,36.86666667,35.21959
339,59.62,63.21009
340,26.67333333,29.828035
341,39.66,41.375134
342,56.50666667,58.159554
343,63.58,62.908043
344,60.02,63.454346
345,33.1,39.7644
346,38.71333333,38.52633
347,40.54,40.305946
348,66.38,63.135715
349,56.22666667,62.14636
350,63.38666667,59.61913
351,66.6,59.886253
352,72.4,71.79399
353,57.23333333,58.672832
354,48.08666667,53.197227
355,76.10666667,66.54466
356,72.04,65.27838
357,71.20666667,67.310646
358,39.85333333,42.102177
359,67.98666667,68.261856
360,54.9,57.88186
361,66.78666667,65.89132
362,39.76666667,42.139942
363,37.48666667,43.489685
364,62.8,68.55803
365,71.64666667,70.50219
366,49.27333333,51.57832
367,79.16666667,76.30536
368,70.87333333,74.96049
369,40.14666667,37.87792
370,21.02,20.79168
371,28.92666667,29.146122
372,40.30666667,38.5627
373,33.90666667,34.01881
374,46.61333333,47.242897
375,54.94666667,56.61369
376,63.84666667,65.23211
377,75.3,62.75752
378,35.88666667,36.401577
379,21.36666667,21.556314
380,66.65333333,67.40769
381,32.93333333,22.659546
382,53.04666667,54.61183
383,74.80666667,73.51422
384,56.14,48.3712
385,61.18,58.237576
386,29.44,28.807096
387,69.20666667,69.33402
388,16.65333333,16.09746
389,30.49333333,42.533226
390,45.86,50.328148
391,37.00666667,40.447323
392,52.82,48.80774
393,29.31333333,29.104095
394,76.97333333,73.836494
395,67.62666667,64.35875
396,46.05333333,47.475964
397,49.75333333,49.50637
398,67.32,62.589653
399,66.75333333,63.511765
400,37.31333333,38.147156
401,39.42666667,33.47455
402,41.08666667,40.648003
403,36.64,36.201096
404,59.13333333,63.075016
405,42.77333333,33.12909
406,41.21333333,41.483223
407,62.3,59.77385
408,70.24,62.041428
409,63.98,66.90115
410,45.36666667,39.57321
411,31.03333333,39.323185
412,41.58666667,40.10143
413,73.86,65.13176
414,59.24,63.018635
415,56.57333333,55.941063
416,74.92,60.312023
417,74.78,72.30342
418,63.37333333,61.281174
419,51.08,52.95105
420,69.72,64.255295
421,70.26,65.06517
422,73.32,67.336494
423,46.94666667,43.243847
424,68.14,67.00253
425,56.20666667,56.63755
426,67.34,64.61143
427,33.62666667,43.35705
428,49.76666667,45.075977
429,63.44666667,68.571754
430,71.46,69.49807
431,49.62,50.70287
432,77.87333333,74.695274
433,74.49333333,76.04951
434,39.33333333,38.024097
435,20.17333333,19.852436
436,29,29.0712
437,38.35333333,37.642044
438,33.80666667,33.893856
439,45.92666667,46.740665
440,60.92666667,55.88097
441,68.86666667,64.65529
442,64.87333333,64.034035
443,43.54666667,36.89761
444,21,21.583897
445,68.22666667,66.94959
446,22.86666667,33.25919
447,57.16,54.259968
448,81.8,73.96753
449,62.59333333,46.833447
450,60.17333333,56.24538
451,30.20666667,27.582155
452,69.58666667,68.288666
453,30.93333333,15.691335
454,41.97333333,42.264084
455,49.08,50.173107
456,41.76,39.586887
457,52.42666667,47.861763
458,30.56666667,28.721355
459,75.64666667,73.493256
460,67.08,63.484085
461,49.02,46.836567
462,52.46666667,49.566666
463,68.35333333,63.06421
464,69.90666667,64.115005
465,38.76666667,38.27554
466,35.12666667,33.459015
467,43.4,40.651184
468,40.46666667,35.072098
469,67.18666667,63.300133
470,27.55333333,30.962194
471,38.98,41.393593
472,64.44,59.38221
473,81.18666667,61.451683
474,70.11333333,66.67062
475,43.69333333,38.929947
476,36.75333333,39.528564
477,38.66,39.974644
478,73.67333333,64.268265
479,61.82,62.39174
480,53.06,55.291233
481,61.29333333,59.68693
482,73.3,72.39817
483,72.51333333,61.181305
484,51.74,52.887283
485,66.82666667,63.857346
486,69.76666667,64.930824
487,80.68666667,67.89739
488,49.37333333,43.549534
489,72.28666667,66.908066
490,56.47333333,56.152836
491,69.02,64.59838
492,29.06666667,43.34093
493,50.73333333,45.220413
494,68.57333333,68.24504
495,68.11333333,69.165
496,50.01333333,49.69528
497,75.68666667,74.5681
498,78.73333333,75.38444
499,42.76,37.855556
500,25.63333333,19.89051
501,40.52,28.923826
502,40.76666667,37.05832
503,32.84,33.95976
504,45.59333333,46.802975
505,59.39333333,55.236877
506,60.22666667,63.95352
507,68.73333333,63.929768
508,37.86666667,37.12289
509,21,21.744162
510,67.8,67.11637
511,20.53333333,30.465395
512,58.53333333,54.516167
513,74.85333333,74.291565
514,51.25333333,46.830948
515,63.66,55.91531
516,29.98666667,27.559965
517,68.9,68.430046
518,17.46,15.874978
519,37.54666667,43.084213
520,53.72666667,50.484756
521,54.47333333,39.653217
522,48.68,47.84524
523,35.86,28.604527
524,75.82,73.423
525,67.36,63.385624
526,44.91333333,47.030354
527,53.16666667,49.577168
528,68.58,63.29756
529,68.87333333,65.407585
530,39.87333333,38.478893
531,33.46,33.68093
532,43.46,40.47376
533,37.08,35.497635
534,67.73333333,63.42667
535,30.06,31.117762
536,48.04,41.610992
537,58.88,59.471485
538,79.73333333,61.63384
539,67.66666667,66.563194
540,30.48666667,38.64363
541,54.25333333,39.3268
542,44.18,40.317604
543,75.54666667,64.75805
544,65.46,62.808216
545,55.00666667,55.21137
546,64.52666667,60.280315
547,74.12,72.72488
548,67.08,61.921642
549,47.64666667,52.628754
550,72.89333333,64.11709
551,59.94,64.5223
552,77.72,68.222244
553,49.81333333,43.76571
554,70.27333333,67.00227
555,50.75333333,55.24586
556,63.07333333,64.66295
557,53.78,44.302135
558,50.86666667,45.391956
559,69.73333333,67.47705
560,66.01333333,68.92725
561,45.45333333,49.48271
562,74.82666667,74.663414
563,71.54,74.331665
564,38.88,38.009277
565,18.99333333,19.845688
566,28.74,28.925549
567,40.41333333,36.87521
568,34,34.037624
569,45.57333333,46.86911
570,55.01333333,55.652767
571,71.87333333,63.575237
572,70.32,64.05108
573,32.64666667,37.11952
574,21.32666667,21.903906
575,70.18666667,67.46818
576,22,30.245317
577,59.32666667,54.700806
578,81.92666667,74.442986
579,54.04,47.121838
580,54.79333333,56.04134
581,29.84,27.906044
582,70.58666667,68.93724
583,13.51333333,16.145878
584,42.32,43.471203
585,41.79333333,49.982132
586,35.28666667,39.017635
587,41.04666667,46.94075
588,39.1,31.262716
589,70.96,74.49838
590,68.98,62.769367
591,47.25333333,46.850487
592,54.68,49.980305
593,66.28666667,63.066536
594,63.59333333,66.35797
595,41.79333333,38.71557
596,38.19333333,33.605984
597,45.04666667,41.309696
598,37.88666667,37.549034
599,67.59333333,63.58561
600,27.98666667,30.553635
601,49.23333333,41.32441
602,65.16666667,59.753754
603,62.3,58.770947
604,80.22666667,69.59784
605,34.59333333,37.66066
606,68.66666667,43.00398
607,37.56666667,39.553032
608,78.75333333,65.06067
609,73.46,65.61322
610,58.83333333,52.216736
611,66.87333333,65.33577
612,73.61333333,75.32592
613,71.19333333,61.1071
614,51.51333333,50.48022
615,66.36,64.19849
616,62.55333333,65.178154
617,68.52,70.90793
618,50.55333333,44.240623
619,65.07333333,69.522156
620,54.58,54.869576
621,62.98666667,65.46884
622,54.44666667,44.1023
623,51.28666667,47.245384
624,74.94666667,65.55193
625,71.89333333,69.38578
626,50.24,49.017437
627,77.30666667,75.02727
628,76.99333333,74.47794
629,41.50666667,39.81064
630,24.00666667,20.785872
631,28.30666667,29.425915
632,39.81333333,36.277126
633,34,33.86644
634,48.52,46.970825
635,56.20666667,55.669495
636,64.14,64.240875
637,72.31333333,65.793434
638,44.94,39.9266
639,26.1,22.75734
640,68.68666667,66.376175
641,40.2,40.796158
642,58.38,55.555256
643,73.15333333,75.120834
644,50.74666667,45.594078
645,56.22666667,55.356037
646,29.2,27.537872
647,72.26666667,68.99455
648,18.83333333,16.305378
649,43.30666667,42.708084
650,49.64666667,50.14246
651,48.40666667,39.049656
652,53.81333333,46.478405
653,38.12666667,31.044704
654,72.85333333,74.7448
655,68.74666667,63.03657
656,46.08,46.660343
657,54.02666667,50.190495
658,66.49333333,63.67328
659,63.10666667,66.34387
660,41.81333333,38.92416
661,37.56,33.5241
662,44.09333333,41.765114
663,38.33333333,38.201267
664,70.23333333,64.28518
665,31.86,31.041365
666,50.02666667,41.81397
667,61.1,59.48698
668,57.74666667,58.61595
669,73.96666667,68.31886
670,38.23333333,37.49227
671,56.98666667,42.240025
672,35.34666667,39.669144
673,75.93333333,64.64863
674,72.18666667,65.57982
675,59.17333333,52.39111
676,69.26666667,65.622894
677,73.4,75.79654
678,66.29333333,61.350697
679,48.58,50.48572
680,66.56,64.77048
681,60.68,64.58812
682,71.78,71.48906
683,43.8,44.78792
684,71.82666667,71.080315
685,56.52,55.03218
686,71.10666667,66.49633
687,50.50666667,45.044056
688,53.62666667,47.880066
689,67.03333333,65.31275
690,72.85333333,69.50675
691,49.92,48.688847
692,87.00666667,75.69414
693,79.43333333,74.82773
694,42.46666667,39.955948
695,23.4,20.728397
696,27.94666667,29.12114
697,41.37333333,36.31154
698,34,33.9036
699,47.58,46.98984
700,58.32666667,55.732956
701,68.08,64.85723
702,74.8,66.33774
703,38.48,40.561573
704,26.41333333,23.301971
705,74.65333333,66.93762
706,45.21333333,41.027428
707,58.76666667,56.09468
708,71.82,74.61031
709,46.74666667,45.66997
710,57.55333333,55.51399
711,32.19333333,27.475374
712,69.35333333,69.164505
713,19.19333333,16.517857
714,39.18,43.08498
715,48.31333333,49.896088
716,39.28,39.0338
717,39.45333333,46.80098
718,41.8,31.34792
719,79.04666667,76.65912
720,69.36666667,63.18419
721,54.05333333,46.863724
722,50.92666667,49.630352
723,70.79333333,64.62433
724,63.75333333,66.00476
725,41.52,39.17645
726,33.96666667,33.573338
727,46.2,42.114777
728,38.22,38.12098
729,64.79333333,64.78178
730,34.68666667,31.636913
731,52.6,42.19104
732,57.96666667,59.40151
733,55.86,59.043613
734,60.60666667,66.83174
735,33.01333333,37.698616
736,48.12666667,40.779835
737,40.17333333,39.779797
738,71.59333333,64.61037
739,74.50666667,66.45647
740,58.32,52.532867
741,79.55333333,66.51244
742,82.66,76.75398
743,66.76,61.71892
744,50.82,50.40383
745,70.12,66.10191
746,66.18666667,64.736435
747,75.44666667,72.5779
748,45.52,45.077915
749,78.54666667,71.686714
750,44.42666667,54.558628
751,71.28,67.39629
752,55.98666667,45.239777
753,52.67333333,48.352165
754,64.64,66.55026
755,70.03333333,69.28836
756,50.36666667,48.827732
757,90.12666667,76.75429
758,71.56666667,75.586174
759,42.25333333,39.810368
760,24.06666667,20.789387
761,30.12,29.241983
762,40.48,36.55804
763,34,33.891235
764,47.04,46.742783
765,59.44,56.562263
766,73.50666667,66.06472
767,72.31333333,67.20403
768,41.89333333,40.922867
769,30.91333333,24.212593
770,78.13333333,68.0022
771,34.76666667,40.757713
772,58.69333333,56.369823
773,74.61333333,76.24679
774,49.64666667,47.005825
775,57.78666667,55.679302
776,27.74,27.73826
777,68.14,69.32688
778,19.26,17.469154
779,45.29333333,46.291042
780,51.04,50.378796
781,38.93333333,38.541664
782,37.47333333,46.044956
783,37.26666667,31.713625
784,75.44,76.53883
785,71.53333333,63.871136
786,53.07333333,48.545017
787,52.75333333,49.994926
788,70.89333333,65.67295
789,65.44,65.14373
790,41.11333333,39.755714
791,38.06666667,34.937176
792,47.7,43.369015
793,37.62,39.502842
794,70.42666667,62.739845
795,34.45333333,33.14003
796,41.77333333,41.948215
797,56.34,57.515247
798,51.51333333,59.1533
799,76.54666667,66.57579
800,35.52,38.12137
801,30.84666667,39.059727
802,43,40.19484
803,67.55333333,61.870083
804,73.82666667,66.94275
805,54.62666667,53.566708
806,74.4,67.24858
807,80.24,74.70263
808,72.45333333,63.116302
809,49.73333333,52.145683
810,71.3,65.25288
811,69.94,66.888306
812,75.07333333,75.936104
813,43.27333333,43.97338
814,69.9,72.55624
815,50.34666667,55.86503
816,77.2,67.94366
817,44.96,46.201534
818,51.84,48.06974
819,67.00666667,67.20953
820,69.44,69.42995
821,50.52666667,48.17603
822,80.46666667,74.141014
823,73.59333333,73.491425
824,41.02666667,41.625
825,24.28,22.081932
826,29.49333333,28.817871
827,39.13333333,35.97051
828,34,33.787964
829,48.46666667,46.573498
830,61.96666667,55.269238
831,76.69333333,67.52698
832,82.08666667,68.76903
833,48.20666667,43.792866
834,27.27333333,31.098127
835,77.13333333,67.88785
836,25.5,42.88951
837,59.23333333,57.632538
838,75.20666667,75.21042
839,51.39333333,46.970966
840,55.56,55.641518
841,27.16666667,28.289145
842,69.84666667,68.81376
843,23.39333333,19.237766
844,49.12,48.605137
845,49.75333333,50.457684
846,43.70666667,38.649162
847,48.24666667,45.934177
848,38.48,31.54112
849,73.35333333,76.53868
850,67.40666667,63.598557
851,48.88,48.192326
852,53.11333333,49.681984
853,70.84666667,65.18391
854,67.14,65.44828
855,41.63333333,39.819324
856,38.37333333,34.941326
857,47.49333333,43.21508
858,42.82666667,40.010822
859,65.73333333,62.40913
860,33.24666667,33.651745
861,44.58,41.987362
862,59.84,57.325375
863,59.76,58.88248
864,75.3,66.24247
865,42.07333333,38.03159
866,25.07333333,39.718956
867,42.39333333,40.22955
868,64.13333333,61.269844
869,71.84,65.65708
870,51.49333333,53.46015
871,68.31333333,67.14933
872,73.13333333,74.380806
873,69.17333333,62.989086
874,59.78666667,52.281906
875,71.52666667,65.52441
876,69.07333333,67.490425
877,85.91333333,76.059296
878,45.81333333,44.109245
879,78.33333333,72.946945
880,58.91333333,55.506325
881,77.52666667,68.25778
882,43.59333333,46.1622
883,51,47.929222
884,68.72666667,67.04467
885,76.04666667,69.941414
886,51.41333333,48.21195
887,76.08666667,74.14247
888,79.91333333,73.45168
889,41.04666667,41.82151
890,26.79333333,22.795267
891,27.64666667,29.185162
892,40.06,35.825096
893,33.58666667,33.79005
894,48.06666667,46.707764
895,60.46666667,55.072235
896,74.33333333,68.62898
897,76.98,70.01626
898,44.36666667,44.232075
899,29.25333333,31.364538
900,77.76666667,68.86376
901,53.34666667,43.205914
902,60.83333333,58.283268
903,80.66666667,77.08713
904,36.35333333,46.938118
905,58.91333333,55.86318
906,28.62666667,28.43841
907,67.62,69.24714
908,16.98,19.16801
909,51.95333333,48.307392
910,39.52666667,50.026333
911,41.95333333,38.82858
912,54.44,45.68504
913,32.52666667,30.14136
914,74.81333333,76.1726
915,66.05333333,62.798218
916,46.93333333,47.58185
917,51.65333333,48.963554
918,72.12,64.7481
919,67.86,65.78724
920,40.46,39.493626
921,40.12,34.893013
922,44.93333333,42.476894
923,33.63333333,38.67972
924,63.82666667,62.525497
925,33.78,33.19302
926,41.13333333,41.585598
927,54.23333333,57.178402
928,67.59333333,59.807713
929,68.23333333,65.76346
930,37.34666667,37.97562
931,25.92666667,39.506287
932,38.46,39.764122
933,65.12,60.291954
934,70.40666667,64.62644
935,49.54666667,52.932785
936,73.34,66.11267
937,76.72,73.8932
938,67.23333333,62.830994
939,55.72,51.655537
940,73.00666667,66.17227
941,73.63333333,67.76936
942,85.56666667,75.34164
943,46.29333333,44.112854
944,70.44,72.647995
945,54.82,55.11317
946,73.32,68.381966
947,47.70666667,45.9178
948,47.69333333,47.088806
949,67.04666667,66.58356
950,75.38,69.70017
951,48.16,47.785824
952,75.5,73.552124
953,73.84,72.99866
954,39.72,41.17028
955,35.93333333,23.599483
956,37.83333333,30.497366
957,37.89333333,35.514896
958,33.38,33.774918
959,47.64,46.38306
960,54.33333333,53.90095
961,73.34666667,68.647545
962,75.84,70.09419
963,50.54,44.516376
964,22.36,32.09554
965,76.12666667,69.474655
966,48.02666667,43.912815
967,59.70666667,58.722614
968,79.96666667,77.08943
969,46.24,47.42405
970,57.87333333,55.57613
971,26.47333333,28.744944
972,72.48666667,69.41084
973,21.98,18.960094
974,42.87333333,47.9733
975,55.56,47.657124
976,37.58,41.501255
977,45.35333333,46.322918
978,31.66,29.463598
979,73.49333333,76.741356
980,64.34666667,62.166813
981,48.74,46.49742
982,51.90666667,49.116352
983,70.8,64.12159
984,60.15333333,65.437096
985,42.20666667,39.963043
986,36.63333333,35.430202
987,45.31333333,42.577785
988,43.86666667,40.725193
989,58.8,60.867805
990,35.04,33.807888
991,44.68,41.40683
992,60.17333333,56.29909
993,56.98,59.31561
994,63.84,63.650894
995,38.32666667,37.648712
996,60.40666667,38.845284
997,40.82666667,39.994835
998,58.62,60.202007
999,69.32666667,60.052456
1000,51.86,51.866997
1001,72.40666667,65.162384
1002,82.14,74.64625
1003,64.68666667,61.578648
1004,52.58666667,51.998444
1005,71.58,67.25628
1006,65.85333333,68.70258
1007,78.1,73.11543
1008,50.44,46.916115
1009,75.09333333,75.02435
1010,47.46,54.578392
1011,80.36666667,69.52369
1012,56.00666667,47.61681
1013,50.33333333,47.0739
1014,68.02,64.299095
1015,72.32,71.55653
1016,49.83333333,47.092358
1017,75.58,74.00977
1018,83.96666667,74.62584
1019,41.61333333,40.729305
1020,32.2,26.1398
1021,29.98666667,33.796936
1022,37.32666667,35.664562
1023,34,33.85417
1024,48.04,46.47877
1025,60.20666667,55.38441
1026,78.80666667,72.20497
1027,86.55333333,72.50465
1028,50.19333333,45.342834
1029,38.84666667,39.864944
1030,78.29333333,76.77263
1031,52.40666667,46.423016
1032,58.84,60.100334
1033,78.58,76.77405
1034,53.80666667,49.366737
1035,59.22,56.99967
1036,31.04666667,29.607315
1037,69.89333333,70.664536
1038,26.57333333,21.667942
1039,43.66,51.62922
1040,51.04,47.465725
1041,42.52,41.87302
1042,48.14,47.06684
1043,34.3,29.39164
1044,76.14,77.36479
1045,65.78,62.602345
1046,54.58666667,46.54427
1047,52.28666667,48.770382
1048,72.00666667,64.00225
1049,59.37333333,65.21576
1050,42.42,40.115616
1051,33.86,35.589596
1052,45.37333333,42.943375
1053,43.30666667,40.839027
1054,62.56666667,61.273727
1055,37.02,34.032524
1056,46.90666667,41.891514
1057,65.16,56.33391
1058,60.56,59.423164
1059,67.92666667,64.12955
1060,45.10666667,37.44038
1061,64.42666667,39.242134
1062,40.16,40.17603
1063,67.04666667,60.44752
1064,65.76666667,59.862263
1065,53.7,52.337082
1066,77.64666667,65.67823
1067,79.84666667,75.2679
1068,69.22666667,61.757713
1069,53.86,52.390408
1070,69.87333333,69.150314
1071,76.58,69.3368
1072,74.03333333,73.37387
1073,49.97333333,47.274277
1074,75.33333333,76.26254
1075,57.49333333,55.10287
1076,83.36666667,71.015175
1077,50.3,48.11801
1078,51.1,47.524204
1079,70.21333333,64.698006
1080,75.88666667,72.10281
1081,51.23333333,47.714794
1082,79.03333333,74.711685
1083,83.14,75.33343
1084,48.58666667,40.947014
1085,37.22,26.66125
1086,33.2,34.62262
1087,38.24,35.87774
1088,34,33.88675
1089,46.98666667,46.663296
1090,60.07333333,55.704815
1091,78.16666667,73.82971
1092,88.01333333,73.97596
1093,50.13333333,45.687
1094,54.12,40.80644
1095,81.01333333,80.6445
1096,52.03333333,46.8795
1097,59.32,60.55818
1098,90.14666667,80.93189
1099,51.53333333,49.804752
1100,64.45333333,57.281254
1101,30.69333333,29.909874
1102,70.09333333,71.70961
1103,19.16,23.369822
1104,63.92,52.22491
1105,50.30666667,47.075745
1106,44.78666667,41.60968
1107,41.92,47.02575
1108,28.72,29.020266
1109,74.53333333,77.17287
1110,66.05333333,61.88408
1111,55.18666667,46.299206
1112,53.04,48.27317
1113,74.31333333,63.205864
1114,60.94666667,64.73091
1115,42.82666667,39.62366
1116,31.22,35.086296
1117,43.96,42.178722
1118,36.98,40.12953
1119,53.7,60.427746
1120,39.51333333,33.713196
1121,48.14666667,41.344265
1122,61.68666667,55.874588
1123,57.85333333,58.92931
1124,55,63.453247
1125,48.4,37.25171
1126,64.76,39.220882
1127,41.55333333,39.918766
1128,57.77333333,59.66955
1129,68.6,59.273983
1130,50.08,51.908966
1131,77.33333333,65.09998
1132,76.34666667,74.513855
1133,71.91333333,60.872265
1134,58.11333333,52.31348
1135,76.52,68.50304
1136,71.48666667,69.53969
1137,72.94666667,72.20168
1138,41.44,46.756626
1139,77.92666667,75.58955
1140,56.02666667,54.58195
1141,73.38666667,70.763435
1142,42.1,47.705227
1143,52.34666667,46.825237
1144,70.59333333,64.956184
1145,79.35333333,72.15343
1146,52.3,47.841045
1147,82.58,74.53335
1148,77.59333333,75.31314
1149,46.7,40.798115
1150,37.55333333,27.172035
1151,28.92666667,34.89594
1152,37.74666667,35.86779
1153,34,34.041683
1154,46.91333333,46.694046
1155,59.15333333,55.21234
1156,74.16666667,73.369286
1157,87.14666667,73.17426
1158,51.18,45.76299
1159,36.54666667,40.248882
1160,80.08666667,80.08343
1161,59.62666667,45.688244
1162,57.22666667,60.613068
1163,92.88666667,80.73769
1164,56.98,49.717377
1165,66.16666667,56.958458
1166,33.28666667,30.249891
1167,68.81333333,71.71701
1168,16.27333333,25.568129
1169,58.27333333,51.89792
1170,29.28666667,47.532856
1171,41.17333333,39.92989
1172,49.18666667,48.38195
1173,34.88,28.620377
1174,79.44,75.52186
1175,68.19333333,61.379726
1176,47.58,46.18863
1177,55.74,48.96713
1178,72.86,61.511562
1179,72.40666667,61.717052
1180,40.36666667,37.95292
1181,30.34666667,35.663223
1182,48.82666667,43.031914
1183,37.85333333,39.723045
1184,59.55333333,59.703156
1185,40.19333333,33.72261
1186,51.52,41.36982
1187,50.60666667,55.43143
1188,50.28666667,56.77295
1189,54.46,60.842648
1190,32.25333333,35.86562
1191,45.25333333,39.21329
1192,39.02666667,40.66761
1193,58.78666667,59.81065
1194,66.52,52.663345
1195,54.58666667,53.643696
1196,76.18,64.37865
1197,74.04,73.129906
1198,65.58,53.143326
1199,59.34,53.54828
1200,66.96,67.93514
1201,70,68.47317
1202,72.46666667,68.061844
1203,44.22666667,45.211708
1204,77.66,73.141495
1205,58.64,55.845615
1206,74.99333333,72.12546
1207,41.85333333,46.306557
1208,51.40666667,47.153584
1209,70.13333333,61.900234
1210,73.50666667,70.611206
1211,49.3,49.11921
1212,81.86666667,75.01294
1213,75.78,74.11443
1214,38.94666667,36.058647
1215,38.08666667,24.31755
1216,33.38,31.612467
1217,38.86,36.913773
1218,34,33.920143
1219,48.16666667,46.45733
1220,58.26666667,53.586723
1221,69.28666667,72.31401
1222,64.07333333,66.3981
1223,46.64666667,43.495045
1224,30.19333333,29.63628
1225,81.52666667,76.56616
1226,38.36666667,42.83176
1227,58.66,59.942787
1228,83.74,77.3886
1229,38.82,48.42185
1230,62.85333333,55.939495
1231,28.67333333,29.043953
1232,73.64666667,73.096504
1233,25.84,28.634966
1234,45.04,50.84362
1235,43.39333333,47.36283
1236,43.45333333,39.584206
1237,45.43333333,48.30059
1238,30.61333333,27.864851
1239,76.81333333,74.57716
1240,65.98666667,60.942196
1241,42.65333333,45.90404
1242,54.54,48.2612
1243,70.66,60.392944
1244,61.45333333,60.64572
1245,38.44,37.73182
1246,36.72666667,35.02409
1247,43.10666667,41.79032
1248,35.06666667,38.621445
1249,61.31333333,59.267868
1250,36.45333333,32.902103
1251,47.73333333,41.10969
1252,51.79333333,55.062393
1253,49.05333333,55.68279
1254,59.88666667,60.587086
1255,33.57333333,35.700134
1256,41.12,38.889008
1257,43.67333333,40.138096
1258,66.52666667,59.31562
1259,60.41333333,51.287266
1260,59.56666667,53.551704
1261,69.71333333,63.869774
1262,81.69333333,72.1425
1263,59.49333333,51.985016
1264,51.08,52.709938
1265,73.78,66.99535
1266,68.42,68.300186
1267,79.09333333,67.58194
1268,52.24,44.942265
1269,61.53333333,71.69168
1270,47.22,54.577362
1271,79.96,71.58796
1272,36.67333333,45.46493
1273,43.74,46.603603
1274,67.42,61.558414
1275,70.94,69.370575
1276,58.19333333,49.005535
1277,79.65333333,74.65983
1278,75.50666667,73.44411
1279,39.98,35.040833
1280,33.86666667,23.276487
1281,27.70666667,29.171432
1282,39.24666667,36.26752
1283,34,33.945553
1284,45.74,46.74979
1285,57.60666667,52.77153
1286,74.06,71.05479
1287,63.44666667,63.571938
1288,42.12,42.310825
1289,21.58,25.80124
1290,76.09333333,73.89564
1291,50.61333333,42.486828
1292,55.53333333,59.21326
1293,84.32,75.934
1294,49.93333333,48.26687
1295,64.51333333,55.88058
1296,26.92,28.512197
1297,72.97333333,73.51227
1298,29.18666667,28.36324
1299,55.95333333,50.56515
1300,49.82,46.53099
1301,42.38,39.09883
1302,61.13333333,48.092278
1303,32.1,27.453732
1304,73.25333333,73.49972
1305,62.22666667,59.498367
1306,52.51333333,45.91782
1307,50.2,47.257175
1308,64.18,58.983734
1309,60.26666667,59.109097
1310,39.13333333,37.641922
1311,46.78,34.226353
1312,46.06,41.096558
1313,33.86666667,37.07895
1314,62.62666667,58.755676
1315,30.76666667,32.492344
1316,43.18666667,41.117954
1317,56.72,54.748413
1318,57.1,55.491695
1319,60.71333333,60.171104
1320,33.18,35.291077
1321,40.44666667,37.48504
1322,46.71333333,39.47582
1323,61.46,58.77729
1324,55.68,50.509327
1325,59.64666667,53.235485
1326,70.16,62.524467
1327,84.06,70.57381
1328,48.64666667,51.218197
1329,45.35333333,52.58375
1330,68.56,65.5635
1331,70.17333333,68.427666
1332,70.62666667,67.29028
1333,43.96666667,44.558994
1334,71,70.0562
1335,42.48,54.1323
1336,73.93333333,71.08879
1337,43.99333333,45.029266
1338,46.66666667,45.912434
1339,66.85333333,61.57666
1340,70.69333333,68.20601
1341,48.3,48.796272
1342,75.03333333,73.8746
1343,75.65333333,72.227516
1344,39.65333333,33.87565
1345,26.67333333,23.067984
1346,28.49333333,28.922699
1347,37.74666667,35.49159
1348,34,33.95019
1349,47.36,46.785233
1350,52.14666667,51.69007
1351,71.1,69.054054
1352,61.28,60.835403
1353,32.78666667,41.583824
1354,44.26666667,24.703966
1355,71.8,71.86789
1356,65.13333333,42.445198
1357,58.12666667,58.577217
1358,80.56666667,74.40585
1359,49.16666667,48.48993
1360,64.18,56.12221
1361,28.45333333,28.559769
1362,73.82666667,73.52174
1363,30.7,27.9097
1364,57.22,50.31655
1365,48.5,46.844574
1366,41.18666667,40.10237
1367,50.72,48.36795
1368,29.08666667,27.549742
1369,75.50666667,72.590836
1370,64.01333333,58.46576
1371,48.48,47.5842
1372,51.1,46.70308
1373,60.44,56.023968
1374,63.82,57.54056
1375,38.21333333,38.075584
1376,36.56666667,34.22176
1377,43.27333333,39.31977
1378,36.08,37.33617
1379,64.45333333,59.88039
1380,35.64,32.4978
1381,37.38666667,39.801563
1382,62.12666667,54.778088
1383,59.26,55.387848
1384,59.95333333,56.570858
1385,52.09333333,37.079678
1386,31.7,35.612427
1387,43.06,37.83758
1388,54.64,58.880722
1389,53.32666667,50.146847
1390,66.88666667,55.83643
1391,61.01333333,59.84218
1392,76.99333333,68.99844
1393,52.86,47.57527
1394,44.87333333,51.735542
1395,66.12,62.05888
1396,71,67.13344
1397,71.23333333,68.76125
1398,50.38666667,43.43944
1399,73.13333333,64.66973
1400,57.81333333,54.7831
1401,68.04666667,69.104095
1402,41.12666667,43.681812
1403,49.8,45.86762
1404,64.36666667,63.164577
1405,71.86,68.61019
1406,47.96,49.569412
1407,82.65333333,73.58246
1408,78.40666667,71.79685
1409,39.26,35.715324
1410,22.14666667,20.890821
1411,25.04666667,28.855627
1412,37.39333333,37.289482
1413,15.06666667,33.89503
1414,47.00666667,46.869534
1415,55.57333333,52.749645
1416,70.92666667,64.29837
1417,57.36,57.981453
1418,36.90666667,36.870705
1419,36.22,22.782948
1420,60.54,65.7219
1421,45.2,41.843742
1422,57.24,56.595314
1423,75.14666667,72.285614
1424,53.69333333,49.21762
1425,59.54666667,58.074787
1426,28.64666667,28.662989
1427,72.08,73.17443
1428,27.4,25.8236
1429,53.65333333,50.62715
1430,56.69333333,47.841953
1431,36.34666667,40.699326
1432,52.62666667,50.271347
1433,31.78,28.145775
1434,70.98,72.15735
1435,66.25333333,59.245094
1436,48.53333333,48.353832
1437,54.20666667,47.595104
1438,59.66,56.28701
1439,65.17333333,57.72575
1440,41.52,38.605076
1441,34.24666667,34.277157
1442,39.9,39.096363
1443,34.19333333,37.545036
1444,63.67333333,59.50812
1445,33.59333333,32.39435
1446,38.27333333,39.84229
1447,56.57333333,55.05284
1448,51.65333333,55.77572
1449,51.28666667,56.2613
1450,38.40666667,37.483543
1451,33.61333333,35.885376
1452,37.98666667,38.35544
1453,60.2,59.239506
1454,57.4,50.35186
1455,63.42,56.435863
1456,64.63333333,60.5276
1457,73.02,68.43715
1458,53.04,47.95825
1459,55.36666667,53.553715
1460,61.53333333,61.995815
1461,69.6,66.98717
1462,69.21333333,68.36462
1463,52.08666667,43.54806
1464,71.32,63.777927
1465,54.42666667,55.523167
1466,74.69333333,68.05301
1467,45.38666667,43.202957
1468,49.14,45.771736
1469,66.09333333,62.89449
1470,70.44666667,68.40864
1471,53.58666667,50.866726
1472,75.46,73.70251
1473,72.63333333,71.18913
1474,36.89333333,36.430637
1475,23.84,21.32517
1476,28.81333333,28.877232
1477,40.66666667,38.075924
1478,33.90666667,33.920433
1479,49.53333333,47.01528
1480,53.48,53.40252
1481,64.48,62.527256
1482,56.54,58.16441
1483,36.94,36.729073
1484,44.64,22.907776
1485,69.45333333,64.68397
1486,43.57333333,41.786007
1487,57.83333333,56.65346
1488,74.24,72.32274
1489,46.25333333,49.42208
1490,57.47333333,58.094814
1491,26.63333333,28.21086
1492,73.1,72.984436
1493,28.2,24.65978
1494,49.45333333,50.035217
1495,54.04666667,47.753067
1496,33.28666667,40.441654
1497,36.50666667,50.98996
1498,21.46,27.665293
1499,71.36,72.18077
1500,65.27333333,59.780506
1501,41.81333333,48.247086
1502,55.38,47.733143
1503,58.50666667,56.322105
1504,59.7,57.86811
1505,42.32666667,38.5574
1506,24.28,33.832718
1507,37.36,38.958237
1508,32.98,35.791866
1509,57.10666667,59.69767
1510,29.43333333,32.379005
1511,39.72,39.565792
1512,52.87333333,55.069
1513,72.9,55.897747
1514,54.14666667,55.72948
1515,39.60666667,37.375343
1516,49.9,35.658928
1517,37.23333333,38.456535
1518,58.72666667,59.541435
1519,53.10666667,50.50263
1520,55.82,56.61305
1521,59.5,61.207752
1522,71.90666667,68.43616
1523,41.46666667,47.96351
1524,47.26,53.76992
1525,66.45333333,62.05726
1526,68.79333333,66.432205
1527,69.99333333,68.56906
1528,51.36666667,43.838306
1529,72.38,63.88306
1530,57.27333333,55.373978
1531,75.22666667,67.75348
1532,31.27333333,42.64551
1533,48.30666667,45.855938
1534,63.83333333,62.79933
1535,66.86666667,68.20884
1536,56.36666667,51.208794
1537,74.3,73.41124
1538,70.88666667,70.954926
1539,36.62666667,36.824036
1540,23.24,21.131025
1541,27.38,28.90628
1542,39.28666667,38.59435
1543,33.53333333,33.921482
1544,47.35333333,46.83897
1545,56.98666667,53.806763
1546,60.22,61.79152
1547,59.52666667,58.416534
1548,34.15333333,36.146267
1549,55.15333333,24.16315
1550,65.01333333,64.36347
1551,40.36,42.624004
1552,54.04,55.792725
1553,73.01333333,72.36159
1554,55.50666667,49.928776
1555,58.75333333,58.448273
1556,32.65333333,28.25209
1557,75.21333333,72.79514
1558,17.34666667,22.054132
1559,46.80666667,49.965782
1560,37.55333333,47.098564
1561,41.34666667,38.21332
1562,46.9,49.7635
1563,26.64,27.351988
1564,72.2,70.45891
1565,59.8,58.34367
1566,39.29333333,47.85441
1567,49.21333333,46.335773
1568,58.55333333,55.952744
1569,52.86,58.749622
1570,42.48666667,38.801483
1571,28.87333333,33.85555
1572,35.52666667,37.19949
1573,37.13333333,35.701687
1574,59.53333333,59.34731
1575,31.97333333,31.637053
1576,32.40666667,40.536713
1577,57.50666667,55.878
1578,50.22,56.386627
1579,54.86,57.112343
1580,36.96,39.903984
1581,48.88666667,35.791145
1582,45.36666667,37.85372
1583,56.54666667,63.228165
1584,48.08666667,48.586803
1585,58.67333333,56.99435
1586,53.02,58.641014
1587,73.33333333,66.85033
1588,44.97333333,48.042137
1589,56.53333333,52.610695
1590,61.80666667,60.013195
1591,68.98,66.61529
1592,72.81333333,68.12362
1593,41.65333333,40.607193
1594,70.90666667,63.212784
1595,65.13333333,53.529804
1596,71.52666667,65.06383
1597,38.55333333,41.219574
1598,49.72666667,45.163296
1599,53.97333333,62.352604
1600,66.46666667,67.02149
1601,47.89333333,47.946278
1602,73.27333333,73.204185
1603,65.05333333,71.13865
1604,36.06666667,36.312717
1605,18.08,19.960695
1606,21.37333333,29.020985
1607,35.31333333,36.12226
1608,28.82666667,34.02428
1609,48.46,46.59166
1610,54.88,51.74206
1611,57.10666667,58.610683
1612,59.52666667,55.274666
1613,30.32,35.586147
1614,28.58,23.073544
1615,64.95333333,60.635876
1616,39.18,41.562748
1617,53.38,54.156765
1618,69.47333333,68.52064
1619,44.95333333,47.311634
1620,54.24666667,57.579433
1621,28.89333333,28.979551
1622,70.94,70.608696
1623,18.10666667,18.213339
1624,48.79333333,41.93897
1625,56.16,47.00908
1626,39.82666667,38.138638
1627,51.66,49.81857
1628,25.83333333,26.916933
1629,71.72666667,70.39473
1630,61.96,58.248947
1631,34.55333333,47.34658
1632,51.25333333,46.20937
1633,57.28,55.465927
1634,60.70666667,58.570145
1635,39.98666667,38.70179
1636,29.16,33.66082
1637,39.14666667,37.005466
1638,30.91333333,34.000256
1639,64.94666667,58.759884
1640,27.5,30.339636
1641,47.72666667,40.9063
1642,56.36666667,55.65535
1643,57.73333333,56.30631
1644,49.8,57.197105
1645,37.77333333,40.102726
1646,42.22,35.648544
1647,35.17333333,37.915432
1648,60.17333333,61.558765
1649,52.18666667,48.56501
1650,61.80666667,56.956062
1651,64.60666667,58.02675
1652,72.51333333,66.26347
1653,51.46,48.197754
1654,53.46,51.23032
1655,59.95333333,59.710857
1656,69.17333333,66.02504
1657,71.75333333,67.92763
1658,39,40.643772
1659,64.51333333,62.83452
1660,53.62666667,52.62359
1661,68.18,64.511444
1662,32.35333333,39.24546
1663,50.78666667,44.930847
1664,64.54,62.88539
1665,67.77333333,67.051735
1666,46.28,47.738934
1667,77.50666667,73.86502
1668,75.06666667,71.2612
1669,38.36,36.412785
1670,20.10666667,19.763254
1671,22.44666667,29.025011
1672,33,36.170517
1673,28.60666667,34.015175
1674,45.24,46.838455
1675,47.02,51.09741
1676,56.59333333,58.49138
1677,54.96666667,54.57486
1678,35.76666667,35.31146
1679,30.74,23.012741
1680,66.1,60.212784
1681,40.52666667,41.756187
1682,52.07333333,53.914284
1683,69.27333333,68.40938
1684,33.33333333,46.99944
1685,55.41333333,57.510395
1686,30.26666667,28.698872
1687,70.30666667,70.48274
1688,26.13333333,18.050407
1689,39.55333333,41.54909
1690,51.13333333,46.82446
1691,40.40666667,37.49701
1692,47.39333333,49.826687
1693,23.56666667,26.08014
1694,73.95333333,69.886345
1695,63.33333333,57.785465
1696,49.3,47.254528
1697,53.64,45.86367
1698,56.52,54.908165
1699,62.98,58.14381
1700,38.62,38.54307
1701,29.08,32.886745
1702,33.72666667,36.10482
1703,27.06,33.3321
1704,73.40666667,58.78604
1705,34.35333333,29.69973
1706,47.31333333,40.875935
1707,64.33333333,54.720108
1708,54.56,55.45863
1709,68.66,56.92826
1710,26.68666667,39.52025
1711,27.60666667,34.88581
1712,34.15333333,37.349777
1713,50.57333333,59.964695
1714,48.1,48.21089
1715,60.58,56.489838
1716,58.38666667,56.600967
1717,69.68666667,64.98007
1718,52.46666667,47.945908
1719,49.72666667,51.019733
1720,65.10666667,59.08186
1721,72.94666667,65.84151
1722,63.36666667,67.317444
1723,41.66666667,40.1286
1724,63.86,62.11125
1725,56.46,52.346973
1726,66.86666667,64.01659
1727,44.50666667,40.249786
1728,47.76666667,44.48317
1729,72.85333333,62.08142
1730,66.5,65.77067
1731,50.96666667,47.36709
1732,73.88,72.19927
1733,71.12666667,70.26184
1734,40.41333333,35.864857
1735,20.93333333,19.739212
1736,28.64666667,29.086878
1737,33.18666667,35.706604
1738,27.74666667,34.04137
1739,45.32,47.17073
1740,51.68,50.29468
1741,57.26,57.791832
1742,57.15333333,54.227238
1743,29.76,34.557274
1744,25.51333333,22.230639
1745,51.16666667,58.999645
1746,32.79333333,41.20503
1747,52.75333333,53.97459
1748,66.71333333,67.87111
1749,48.98666667,46.824173
1750,60.05333333,57.30509
1751,27.68,28.78183
1752,71.45333333,69.91634
1753,19.47333333,17.83783
1754,28.07333333,40.817936
1755,34.42666667,45.33412
1756,48.83333333,39.71657
1757,47.34666667,48.55279
1758,28.22,26.141088
1759,70.3,68.36531
1760,59.22666667,56.840195
1761,51,48.362316
1762,49,47.019005
1763,60.37333333,53.464436
1764,60.67333333,56.279358
1765,36.01333333,36.983494
1766,29.78666667,32.250286
1767,36.9,34.663933
1768,31.7,32.976543
1769,58.88666667,58.011543
1770,30.16666667,30.967485
1771,39.24,41.011597
1772,47.1,53.816833
1773,50.37333333,53.06408
1774,49.30666667,53.908558
1775,36.18666667,37.38894
1776,46.29333333,33.849182
1777,35.09333333,36.206882
1778,57.12,56.483295
1779,51.29333333,48.21772
1780,56.58,56.45361
1781,67.48,55.75894
1782,66.04666667,62.047977
1783,50.64,49.585663
1784,42.8,48.22974
1785,55.18,58.26339
1786,63.19333333,64.90313
1787,62.45333333,62.881264
1788,49.70666667,39.419476
1789,61.32,58.752182
1790,51.28666667,49.19825
1791,61.42,62.181396
1792,42.22666667,42.471756
1793,43.47333333,43.910114
1794,65.51333333,60.352295
1795,65.52,62.51658
1796,53.39333333,50.00177
1797,69.02,71.47665
1798,66.22666667,65.47688
1799,34.88,35.97976
1800,18.65333333,20.540014
1801,14.83333333,28.990133
1802,37.35333333,36.55869
1803,31.38666667,34.015343
1804,46.73333333,46.98076
1805,57.27333333,50.98526
1806,63.16666667,56.505096
1807,56.08,54.33401
1808,27.62,33.159096
1809,40.50666667,21.3452
1810,60.94,57.83469
1811,38.06,40.740032
1812,53.47333333,54.532005
1813,71.10666667,66.25417
1814,35.98,45.483
1815,52.58,56.33247
1816,28.40666667,28.152822
1817,70.29333333,70.08835
1818,13.48,17.020142
1819,42.78,42.21304
1820,45.9,44.923096
1821,47.82,39.762234
1822,59.38666667,49.64972
1823,31.62666667,26.076464
1824,74.52,68.37152
1825,59.72,56.603756
1826,56.78666667,47.87761
1827,46.94,47.01983
1828,63.42,52.925007
1829,56.20666667,55.47438
1830,37,37.08892
1831,19.28666667,32.365383
1832,33.93333333,34.29745
1833,24.39333333,31.375809
1834,49.72,57.168377
1835,24.14,29.93373
1836,40.67333333,41.570312
1837,54.58666667,53.252323
1838,45.76,52.801468
1839,60.42666667,53.931244
1840,46.04,36.984573
1841,48.51333333,33.87557
1842,38.49333333,36.6173
1843,54.72666667,55.94449
1844,48.80666667,48.001427
1845,54.12666667,55.93434
1846,59.20666667,54.958908
1847,66.14,62.90972
1848,51.79333333,49.476093
1849,39.10666667,47.483368
1850,60.24,58.028133
1851,65.46,64.110504
1852,61.41333333,63.209827
1853,43.53333333,39.316696
1854,59.82,59.466892
1855,40.67333333,48.31123
1856,61.14666667,62.25534
1857,37.36,41.26331
1858,46.67333333,44.315434
1859,51.07333333,60.2223
1860,65.26,62.740505
1861,50.98,49.63746
1862,75.9,71.90065
1863,61.26,64.72981
1864,36.23333333,36.400665
1865,20.29333333,20.550331
1866,21.64,29.000578
1867,41.75333333,36.99993
1868,34,34.03029
1869,49.00666667,47.26657
1870,57.92,50.304512
1871,60.18666667,56.084507
1872,56.44666667,54.1393
1873,28.53333333,32.952377
1874,21,21.197464
1875,61.39333333,57.7772
1876,35.95333333,41.045288
1877,54.82666667,54.372955
1878,68.98,66.157166
1879,51.08,46.119312
1880,60.49333333,56.985867
1881,27.88666667,28.086563
1882,72.74666667,70.37162
1883,17.84,17.537691
1884,32.50666667,42.845894
1885,40.78,44.79343
1886,49.72666667,39.834103
1887,57.58,51.96187
1888,25.06666667,25.414944
1889,70.05333333,67.86731
1890,58.63333333,55.85942
1891,51.30666667,47.03479
1892,47.06,46.94504
1893,59.40666667,52.02298
1894,58.48,54.57926
1895,36.5,36.669727
1896,22.13333333,32.559834
1897,29.72666667,33.12
1898,29.29333333,30.980818
1899,62.88666667,56.095295
1900,26.70666667,30.721222
1901,45.33333333,41.792233
1902,52.80666667,52.298447
1903,46.49333333,51.914356
1904,49.72666667,52.824253
1905,33.58,35.69377
1906,37.52,33.70083
1907,39.01333333,35.813133
1908,57.72666667,54.814884
1909,50.52666667,47.585533
1910,54.94,54.56801
1911,60.78,53.349636
1912,64.22,62.77058
1913,45.79333333,49.051487
1914,41.72,46.03689
1915,63.94666667,57.402527
1916,61.37333333,62.99131
1917,64.78,62.48777
1918,34.84666667,38.321262
1919,59.04,59.22354
1920,52.87333333,47.332066
1921,62.34,61.70671
1922,34.28,40.70071
1923,47.77333333,44.11005
1924,66.42,59.87986
1925,62.28,62.31332
1926,52.18666667,48.12458
1927,74.19333333,70.55721
1928,59.11333333,63.897938
1929,42.06,36.336807
1930,16.73333333,20.427408
1931,24.97333333,29.002092
1932,41.49333333,36.501747
1933,34.08,34.102177
1934,47.78,47.54347
1935,56.17333333,48.725407
1936,52.41333333,55.491913
1937,58.84,53.31858
1938,30.28,31.676622
1939,21.34,21.19212
1940,63.82666667,57.339993
1941,50.34666667,41.494823
1942,54.72,54.079384
1943,69.04666667,65.27535
1944,51.28,45.48415
1945,56.78,56.606163
1946,27.96666667,27.833847
1947,67.60666667,69.95685
1948,19.47333333,18.098513
1949,51.72,42.82117
1950,31.74,44.623764
1951,38.9,39.280766
1952,48.87333333,51.336773
1953,23.38666667,27.523933
1954,66.94,68.165085
1955,57.83333333,57.425632
1956,47.36,44.65945
1957,50.82,47.85294
1958,48.91333333,50.601814
1959,49.87333333,52.53032
1960,36.97333333,36.031895
1961,39.96,39.09751
1962,38.34,32.00306
1963,28.75333333,31.427313
1964,70.47333333,54.943867
1965,27.47333333,31.949661
1966,46.82666667,44.313057
1967,47.25333333,51.993057
1968,51.84,52.242
1969,54.28,52.867096
1970,24.16666667,35.135212
1971,26.66,31.991638
1972,36.32666667,36.848526
1973,60.34666667,53.359444
1974,49.84,48.093483
1975,49.08666667,50.159
1976,59.51333333,51.896713
1977,59.91333333,62.69367
1978,50.6,48.035145
1979,53.23333333,48.922085
1980,57.16,55.63589
1981,56.32666667,59.53517
1982,65.22,60.72907
1983,33.35333333,38.423798
1984,61.48,56.984802
1985,41.86666667,52.199947
1986,61.68,60.41361
1987,40.02666667,37.420593
1988,48.30666667,42.702038
1989,57.38,58.785778
1990,59.19333333,61.781395
1991,47.10666667,46.684647
1992,69.10666667,69.57805
1993,59.96666667,65.11858
1994,39.7,36.166256
1995,23.88,21.464636
1996,25.24,29.172413
1997,41.70666667,36.51662
1998,34.3,34.277218
1999,46.44,47.261765
2000,60.11333333,48.562237
2001,60.37333333,54.136852
2002,55.63333333,54.069546
2003,33.98666667,32.328854
2004,28.68666667,21.664322
2005,60.32,55.202274
2006,44.86,41.47065
2007,53.81333333,53.280632
2008,67.11333333,66.417984
2009,36.17333333,43.902626
2010,60.31333333,58.497715
2011,27.82,28.323288
2012,68.55333333,69.263016
2013,16.24,16.338512
2014,43.73333333,42.846676
2015,31.98666667,42.837605
2016,41.14,38.102604
2017,53.88,50.783146
2018,29.5,26.807068
2019,66.72,67.11233
2020,63.71333333,56.719868
2021,48.56666667,41.722553
2022,48.56,46.783585
2023,54.71333333,49.721363
2024,42.34,51.42276
2025,38.05333333,35.956623
2026,35.85333333,38.27725
2027,45.67333333,32.866432
2028,18.38,27.421053
2029,79.55333333,54.430626
2030,20.86666667,31.133078
2031,47.66666667,43.968246
2032,50.93333333,50.730267
2033,49.34666667,50.963165
2034,54.12,52.561768
2035,28.15333333,34.773315
2036,26.52,32.139137
2037,32.38666667,36.277782
2038,47.15333333,51.910503
2039,49.42,46.799484
2040,44.83333333,48.89778
2041,53.68666667,50.481384
2042,62.72,62.175907
2043,54.33333333,47.29317
2044,40.34666667,49.066975
2045,48.95333333,55.05069
2046,58.55333333,59.39091
2047,57.31333333,60.539158
2048,26.8,38.17207
2049,55.60666667,56.28301
2050,64.46666667,51.580067
2051,57.80666667,59.94309
2052,27.93333333,36.518818
2053,42.18,42.380238
2054,51.02666667,56.57165
2055,60.34,60.912407
2056,43.9,45.950905
2057,69.92666667,68.5528
2058,66.66,64.10845
2059,38.34666667,35.606655
2060,19.15333333,21.217272
2061,29.80666667,29.072313
2062,41.90666667,35.49592
2063,34.36,34.263294
2064,46.87333333,47.39202
2065,39.88666667,46.60035
2066,64.25333333,54.067863
2067,57.15333333,54.35681
2068,32.15333333,31.159815
2069,21.34,21.584944
2070,59.68,54.80008
2071,41.56,41.165768
2072,57.40666667,53.479336
2073,67.80666667,66.46241
2074,17.96,44.36466
2075,60.16,59.89958
2076,27.6,28.61411
2077,69.7,69.37573
2078,13.12,16.106256
2079,43.83333333,43.424374
2080,53.84666667,41.185444
2081,38.7,38.1561
2082,47.7,50.48906
2083,31.28,25.38268
2084,64.62666667,66.844536
2085,65.58,56.159035
2086,44.25333333,39.619976
2087,45.86,45.231133
2088,52.38666667,49.005535
2089,46.92,49.575867
2090,37.05333333,36.10737
2091,33.43333333,37.3426
2092,48.87333333,32.58526
2093,22.02666667,27.366165
2094,52.9,52.411564
2095,40.06,35.10449
2096,50.66666667,43.65672
2097,44.28666667,49.582043
2098,45,50.09032
2099,54.34666667,51.416176
2100,34.55333333,35.195312
2101,40.29333333,34.71408
2102,34.44666667,36.39144
2103,47.59333333,50.27034
2104,45.75333333,45.573242
2105,51.64,47.846138
2106,56.11333333,49.009163
2107,64.36,60.92772
2108,49.39333333,46.338978
2109,41.07333333,48.78964
2110,47.74,53.596855
2111,60.25333333,59.066086
2112,63.33333333,60.123127
2113,28.34666667,37.42537
2114,58.58,55.283775
2115,48.61333333,50.225574
2116,60.19333333,58.852417
2117,26.9,34.500286
2118,36.52666667,41.95875
2119,52.88,54.951805
2120,58.69333333,59.87308
2121,42.83333333,45.441315
2122,70.33333333,67.1835
2123,63.56666667,62.992065
2124,38.83333333,35.194244
2125,18.49333333,20.990725
2126,12.37333333,29.079344
2127,39.34666667,34.925503
2128,34.36,34.320774
2129,47.50666667,47.697723
2130,44.41333333,46.017445
2131,61.17333333,53.535843
2132,58.36666667,53.497124
2133,24.17333333,27.201605
2134,21.34,21.589708
2135,46.70666667,53.85331
2136,45.06,41.14359
2137,57.44,53.222996
2138,64.16,64.56645
2139,31.62,44.655186
2140,60.7,59.373802
2141,28.00666667,28.885983
2142,70.44,68.80978
2143,14.98666667,15.627754
2144,46.18,43.132683
2145,40.76,41.778755
2146,38.52666667,41.174828
2147,59.3,51.374916
2148,21.26666667,22.959494
2149,68.7,66.38708
2150,60.88666667,52.744984
2151,41.00666667,40.11037
2152,47.64666667,43.19538
2153,62.39333333,49.547215
2154,47.58666667,48.91144
2155,37.34,35.628326
2156,45.54,36.73264
2157,43.95333333,29.439335
2158,34.9,32.571175
2159,54.38,51.452656
2160,35.30666667,37.26084
2161,44.77333333,44.145336
2162,43.44666667,49.659367
2163,53.75333333,50.41841
2164,62.12,49.361576
2165,33.20666667,32.213207
2166,40.07333333,37.793827
2167,40.86,36.176544
2168,48.14,49.983086
2169,54.24,43.70682
2170,52.77333333,47.577995
2171,53.23333333,50.427444
2172,55.07333333,55.628002
2173,42.19333333,42.878765
2174,40.89333333,49.329124
2175,55.93333333,51.92752
2176,63.84666667,63.199566
2177,56.93333333,56.732193
2178,40.04,40.426353
2179,49.42,52.70493
2180,61.62666667,48.385326
2181,57.6,55.18042
2182,31.02,36.90732
2183,45.57333333,43.34154
2184,53.03333333,51.866566
2185,55.16666667,60.51672
2186,53.88,42.77924
2187,65.79333333,66.38983
2188,62.31333333,62.12019
2189,34.47333333,34.21642
2190,21.18666667,21.251915
2191,12.22666667,29.084747
2192,33.52,32.967346
2193,34.3,34.29084
2194,44.5,46.480446
2195,49.94,47.62866
2196,46.54,50.84233
2197,60.84666667,50.124912
2198,21.06,22.352905
2199,21.34,21.450098
2200,43.62666667,52.295837
2201,45.42666667,40.788757
2202,51.72666667,52.355278
2203,60.97333333,62.613163
2204,36.94666667,42.434864
2205,71.76,64.49548
2206,26.11333333,27.437004
2207,69.38,69.13503
2208,19.81333333,15.317835
2209,35.42,40.117508
2210,39.78666667,41.642586
2211,35.35333333,40.720463
2212,61.87333333,52.57347
2213,19.31333333,21.887823
2214,71.80666667,65.43892
2215,54.21333333,52.777946
2216,47.67333333,40.042107
2217,43.86,42.92687
2218,44.5,47.969997
2219,48.55333333,48.074795
2220,33.79333333,34.451263
2221,28.91333333,33.803394
2222,15.86,28.084637
2223,53.18666667,30.57498
2224,68.87333333,50.112835
2225,38.2,38.415077
2226,35.19333333,44.221775
2227,47.45333333,48.559372
2228,51.96,49.138275
2229,62.32666667,48.702435
2230,28.13333333,32.57023
2231,40.12,37.927593
2232,34.46666667,35.439747
2233,46.86666667,50.999535
2234,43.64666667,42.27409
2235,42.09333333,46.45678
2236,52.50666667,50.176987
2237,44.10666667,54.373444
2238,43.96,42.506
2239,39.84,49.188988
2240,49,50.203587
2241,63.32,62.65378
2242,60.29333333,55.774166
2243,36.76666667,37.897297
2244,54.89333333,51.59535
2245,43.30666667,47.698994
2246,50.19333333,53.17225
2247,40.68666667,40.583908
2248,46.89333333,41.57303
2249,38.95333333,48.902203
2250,57.3,58.352715
2251,44.62666667,41.01577
2252,70.14,66.29754
2253,58.64666667,62.88295
2254,39.84,33.325203
2255,19.82666667,20.948719
2256,29,29.16656
2257,31.97333333,32.49155
2258,34.36,34.37805
2259,46.11333333,46.32621
2260,52.98666667,47.83876
2261,46.98666667,49.267536
2262,43.61333333,47.174534
2263,15.98,20.407953
2264,21.4,21.470058
2265,52.27333333,49.59323
2266,43.4,40.527527
2267,44.61333333,48.276478
2268,61.05333333,61.436935
2269,45.68,42.899048
2270,69.99333333,66.34027
2271,24.78,26.409266
2272,69.78666667,69.158646
2273,22.94666667,13.4910345
2274,43.06,40.97115
2275,39.76,41.60626
2276,49.18666667,40.271454
2277,64.77333333,52.60242
2278,6.24,18.010044
2279,63.47333333,64.53322
2280,53.36,53.26339
2281,33.64666667,40.12221
2282,40.54,42.385483
2283,45.52,46.536312
2284,43.72,46.813442
2285,34.84,34.255085
2286,12,33.4607
2287,24.52666667,27.037722
2288,29.07333333,29.552357
2289,85.5,47.717793
2290,39.63333333,38.302784
2291,30.17333333,43.692097
2292,46.07333333,47.269245
2293,38.75333333,46.962444
2294,62.62,47.462353
2295,28.84,33.478
2296,40.12,37.70228
2297,45.95333333,35.43263
2298,46.18666667,50.509815
2299,48.68666667,41.463734
2300,41.86666667,45.94996
2301,50.09333333,48.992832
2302,38.76,52.999554
2303,36.73333333,42.103115
2304,40.14666667,48.677704
2305,45.16666667,47.724686
2306,64.44666667,62.061764
2307,56.52,53.654472
2308,22.13333333,36.781654
2309,53.01333333,49.472046
2310,47.30666667,46.836372
2311,39.98666667,51.261208
2312,37.97333333,39.220734
2313,33.56666667,40.72779
2314,47.8,47.984947
2315,63.5,58.184444
2316,54.15333333,40.269386
2317,68.08,65.23335
2318,65.28666667,64.38623
2319,36.97333333,32.742336
2320,16.53333333,20.994982
2321,29,29.199455
2322,31.30666667,32.944553
2323,34.36,34.36088
2324,50.22666667,45.932865
2325,54.44666667,46.99213
2326,50.19333333,48.534485
2327,49.4,46.400684
2328,5.7,19.105198
2329,21.4,21.507019
2330,49.2,47.784
2331,38.82666667,40.44836
2332,45.14,45.998627
2333,66.16666667,59.79993
2334,43.39333333,42.549595
2335,66.42,66.414696
2336,22.22,26.906914
2337,72.70666667,69.04426
2338,11.57333333,11.849389
2339,30.62,39.732124
